Dan Arnold,7.6,24,3,0,5,3,31,10.3,1,2,19,1,10.3,0.6,6.2,0,0,0,0,0,0,0,0,3,10.3,31,0.14,2.00,14.00,0.00,5.64,3.79,44.36,11.72,0.50,0.00
Deon Cain,0,23,11,6,18,7,114,16.3,0,6,35,0.6,10.4,0.39,6.3,0,0,0,0,0,0,0,0,7,16.3,114,0.43,3.36,7.83,0.07,20.86,12.36,135.86,10.99,0.43,0.43
Dontrelle Inman,4.5,30,5,1,16,10,157,15.7,0,8,28,2,31.4,0.63,9.8,0,0,0,0,0,0,0,0,10,15.7,157,1.29,11.29,8.78,0.00,21.71,12.79,175.86,13.75,1.14,0.07
Emmanuel Sanders,2.9,32,15,14,87,60,783,13.1,5,37,75,4,52.2,0.69,9,0,0,0,0,0,0,0,0,60,13.1,783,0.71,2.71,3.80,0.00,17.57,12.29,169.43,13.79,1.00,0.14
J.P. Holtz,0.9,26,13,5,7,6,78,13,0,3,30,0.5,6,0.86,11.1,0,0,0,0,0,0,0,0,6,13,78,0.00,0.00,0.00,0.00,7.07,5.07,59.57,11.75,0.43,0.14
Kenyan Drake,39.6,25,12,8,60,44,304,6.9,0,14,26,3.7,25.3,0.73,5.1,134,591,5,37,36,4.4,49.3,11.2,178,5,895,21.71,104.14,4.80,0.79,5.79,4.57,40.57,8.88,0.21,0.21
Mack Hollins,0,26,14,3,23,10,125,12.5,0,7,20,0.7,8.9,0.44,5.4,0,0,0,0,0,0,0,0,10,12.5,125,0.21,1.21,5.67,0.00,19.14,12.71,183.86,14.46,1.43,0.14
Mike Davis,0,26,10,1,8,7,22,3.1,0,1,7,0.7,2.2,0.88,2.8,11,25,0,0,8,2.3,2.5,1.1,18,2.6,47,18.79,76.07,4.05,1.00,6.93,5.64,51.64,9.15,0.07,0.36
Mohamed Sanu,3.3,30,13,10,79,53,461,8.7,2,27,28,4.1,35.5,0.67,5.8,3,11,0,1,8,3.7,0.8,0.2,56,8.4,472,1.36,6.86,5.05,0.00,16.43,9.86,148.64,15.08,0.71,0.07
Nick Vannett,9,26,14,7,21,16,148,9.3,0,4,17,1.1,10.6,0.76,7,0,0,0,0,0,0,0,0,16,9.3,148,0.00,0.00,0.00,0.00,5.36,3.79,37.14,9.81,0.29,0.00
Pharoh Cooper,2.7,24,11,1,29,22,205,9.3,1,8,28,2,18.6,0.76,7.1,1,2,0,0,2,2,0.2,0.1,23,9,207,0.93,7.64,8.23,0.00,19.29,11.79,151.64,12.87,0.79,0.07
Robert Davis,0,24,4,2,2,1,11,11,0,1,11,0.3,2.8,0.5,5.5,0,0,0,0,0,0,0,0,1,11,11,0.71,3.86,5.40,0.07,16.14,11.21,136.21,12.15,1.14,0.14
Zay Jones,1.5,24,13,7,40,22,181,8.2,0,9,23,1.7,13.9,0.55,4.5,1,3,0,0,3,3,0.2,0.1,23,8,184,0.71,5.14,7.20,0.00,18.36,11.14,156.71,14.06,0.71,0.07
Trevor Davis,0,26,12,4,11,8,111,13.9,0,4,28,0.7,9.3,0.73,10.1,4,73,1,2,60,18.3,6.1,0.3,12,15.3,184,0.21,1.21,5.67,0.00,19.14,12.71,183.86,14.46,1.43,0.14
Alfred Morris,0,31,1,0,0,0,0,0,0,0,0,0,0,0,0,1,4,0,1,4,4,4,1,1,4,4,21.71,104.14,4.80,0.79,5.79,4.57,40.57,8.88,0.21,0.21
Andy Isabella,1.3,23,13,1,13,9,189,21,1,4,88,0.7,14.5,0.69,14.5,4,15,0,0,6,3.8,1.2,0.3,13,15.7,204,0.93,7.64,8.23,0.00,19.29,11.79,151.64,12.87,0.79,0.07
Charles Clay,2.8,30,14,9,23,17,221,13,1,11,47,1.2,15.8,0.74,9.6,0,0,0,0,0,0,0,0,17,13,221,0.14,2.00,14.00,0.00,5.64,3.79,44.36,11.72,0.50,0.00
Chase Edmonds,0,23,11,2,21,12,105,8.8,1,5,31,1.1,9.5,0.57,5,59,304,4,12,37,5.2,27.6,5.4,71,5.8,409,21.71,104.14,4.80,0.79,5.79,4.57,40.57,8.88,0.21,0.21
Christian Kirk,10.1,23,11,11,93,61,649,10.6,3,29,69,5.5,59,0.66,7,7,78,0,3,28,11.1,7.1,0.6,68,10.7,727,0.93,7.64,8.23,0.00,19.29,11.79,151.64,12.87,0.79,0.07
Damiere Byrd,14.6,26,9,3,37,24,274,11.4,0,11,58,2.7,30.4,0.65,7.4,0,0,0,0,0,0,0,0,24,11.4,274,0.93,7.64,8.23,0.00,19.29,11.79,151.64,12.87,0.79,0.07
David Johnson,0.6,28,12,8,46,35,366,10.5,4,17,31,2.9,30.5,0.76,8,92,342,2,20,18,3.7,28.5,7.7,127,5.6,708,21.71,104.14,4.80,0.79,5.79,4.57,40.57,8.88,0.21,0.21
Larry Fitzgerald,7.2,36,14,14,95,67,711,10.6,3,36,54,4.8,50.8,0.71,7.5,0,0,0,0,0,0,0,0,67,10.6,711,0.93,7.64,8.23,0.00,19.29,11.79,151.64,12.87,0.79,0.07
Maxx Williams,1.4,25,14,9,15,12,143,11.9,1,9,21,0.9,10.2,0.8,9.5,0,0,0,0,0,0,0,0,12,11.9,143,0.14,2.00,14.00,0.00,5.64,3.79,44.36,11.72,0.50,0.00
Michael Crabtree,0,32,2,1,5,4,22,5.5,0,0,9,2,11,0.8,4.4,0,0,0,0,0,0,0,0,4,5.5,22,0.93,7.64,8.23,0.00,19.29,11.79,151.64,12.87,0.79,0.07
Trent Sherfield,0,23,14,1,13,4,80,20,0,4,38,0.3,5.7,0.31,6.2,0,0,0,0,0,0,0,0,4,20,80,0.93,7.64,8.23,0.00,19.29,11.79,151.64,12.87,0.79,0.07
Austin Hooper,5,25,11,8,79,61,660,10.8,6,35,35,5.5,60,0.77,8.4,0,0,0,0,0,0,0,0,61,10.8,660,0.00,0.00,0.00,0.00,5.64,3.71,29.86,8.04,0.43,0.07
Brian Hill,1.6,24,10,2,14,10,69,6.9,1,4,12,1,6.9,0.71,4.9,66,236,2,14,27,3.6,23.6,6.6,76,4,305,19.36,82.79,4.28,0.29,5.71,4.14,26.43,6.38,0.00,0.36
Christian Blake,0,23,7,2,22,11,91,8.3,0,5,13,1.6,13,0.5,4.1,0,0,0,0,0,0,0,0,11,8.3,91,1.07,7.64,7.13,0.07,18.93,11.07,122.71,11.08,0.93,0.29
Devonta Freeman,7.5,27,12,12,56,48,321,6.7,3,11,28,4,26.8,0.86,5.7,153,545,1,25,28,3.6,45.4,12.8,201,4.3,866,19.36,82.79,4.28,0.29,5.71,4.14,26.43,6.38,0.00,0.36
Jaeden Graham,0,24,14,0,10,9,149,16.6,1,7,53,0.6,10.6,0.9,14.9,0,0,0,0,0,0,0,0,9,16.6,149,0.00,0.00,0.00,0.00,5.64,3.71,29.86,8.04,0.43,0.07
Julio Jones,38.4,30,13,13,129,82,1150,14,6,63,54,6.3,88.5,0.64,8.9,2,-3,0,0,1,-1.5,-0.2,0.2,84,13.7,1147,1.07,7.64,7.13,0.07,18.93,11.07,122.71,11.08,0.93,0.29
Justin Hardy,0,28,14,1,22,16,155,9.7,0,7,23,1.1,11.1,0.73,7,0,0,0,0,0,0,0,0,16,9.7,155,1.07,7.64,7.13,0.07,18.93,11.07,122.71,11.08,0.93,0.29
Keith Smith,0,27,14,5,2,0,0,0,0,0,0,0,0,0,0,4,9,0,4,3,2.3,0.6,0.3,4,2.3,9,19.36,82.79,4.28,0.29,5.71,4.14,26.43,6.38,0.00,0.36
Kenjon Barner,-0.6,29,12,0,8,6,22,3.7,0,1,13,0.5,1.8,0.75,2.8,4,28,0,1,12,7,2.3,0.3,10,5,50,19.36,82.79,4.28,0.29,5.71,4.14,26.43,6.38,0.00,0.36
Luke Stocker,1.9,31,13,8,12,7,43,6.1,0,1,18,0.5,3.3,0.58,3.6,0,0,0,0,0,0,0,0,7,6.1,43,0.00,0.00,0.00,0.00,5.64,3.71,29.86,8.04,0.43,0.07
Olamide Zaccheaus,0,22,8,0,3,1,93,93,1,1,93,0.1,11.6,0.33,31,0,0,0,0,0,0,0,0,1,93,93,1.07,7.64,7.13,0.07,18.93,11.07,122.71,11.08,0.93,0.29
Qadree Ollison,6.1,23,6,0,2,1,7,7,0,1,7,0.2,1.2,0.5,3.5,17,38,3,4,6,2.2,6.3,2.8,18,2.5,45,19.36,82.79,4.28,0.29,5.71,4.14,26.43,6.38,0.00,0.36
Russell Gage,8.3,23,14,2,55,37,329,8.9,1,17,19,2.6,23.5,0.67,6,2,5,0,0,6,2.5,0.4,0.1,39,8.6,334,1.07,7.64,7.13,0.07,18.93,11.07,122.71,11.08,0.93,0.29
Chris Moore,0,26,12,1,5,3,21,7,0,0,13,0.3,1.8,0.6,4.2,0,0,0,0,0,0,0,0,3,7,21,0.50,2.36,4.71,0.00,20.71,12.86,164.93,12.83,1.36,0.14
Gus Edwards,3.5,24,14,0,5,5,36,7.2,0,1,10,0.4,2.6,1,7.2,100,515,2,34,63,5.2,36.8,7.1,105,5.2,551,21.21,67.00,3.16,0.71,7.57,5.86,46.29,7.90,0.14,0.07
Hayden Hurst,2.9,26,14,4,34,27,305,11.3,2,14,61,1.9,21.8,0.79,9,0,0,0,0,0,0,0,0,27,11.3,305,0.00,0.29,0.00,0.00,6.14,3.93,42.43,10.80,0.21,0.00
Justice Hill,1.5,22,14,0,9,4,28,7,0,1,10,0.3,2,0.44,3.1,45,167,0,7,13,3.7,11.9,3.2,49,4,195,21.21,67.00,3.16,0.71,7.57,5.86,46.29,7.90,0.14,0.07
Mark Andrews,15.2,23,14,4,89,58,759,13.1,8,40,51,4.1,54.2,0.65,8.5,0,0,0,0,0,0,0,0,58,13.1,759,0.00,0.29,0.00,0.00,6.14,3.93,42.43,10.80,0.21,0.00
Mark Ingram,23.6,30,14,14,27,24,211,8.8,4,14,25,1.7,15.1,0.89,7.8,194,963,10,50,53,5,68.8,13.9,218,5.4,1174,21.21,67.00,3.16,0.71,7.57,5.86,46.29,7.90,0.14,0.07
Marquise Brown,14.5,22,12,9,67,43,563,13.1,7,24,83,3.6,46.9,0.64,8.4,0,0,0,0,0,0,0,0,43,13.1,563,0.50,2.36,4.71,0.00,20.71,12.86,164.93,12.83,1.36,0.14
Miles Boykin,7.5,23,14,10,19,12,190,15.8,3,10,50,0.9,13.6,0.63,10,0,0,0,0,0,0,0,0,12,15.8,190,0.50,2.36,4.71,0.00,20.71,12.86,164.93,12.83,1.36,0.14
Nick Boyle,0,26,14,13,37,27,291,10.8,2,12,35,1.9,20.8,0.73,7.9,0,0,0,0,0,0,0,0,27,10.8,291,0.00,0.29,0.00,0.00,6.14,3.93,42.43,10.80,0.21,0.00
Seth Roberts,15.6,28,14,0,31,19,248,13.1,2,16,33,1.4,17.7,0.61,8,0,0,0,0,0,0,0,0,19,13.1,248,0.50,2.36,4.71,0.00,20.71,12.86,164.93,12.83,1.36,0.14
Willie Snead,2.5,27,14,9,40,28,317,11.3,5,20,50,2,22.6,0.7,7.9,1,2,0,0,2,2,0.1,0.1,29,11,319,0.50,2.36,4.71,0.00,20.71,12.86,164.93,12.83,1.36,0.14
Andre Roberts,1.7,31,12,0,7,3,20,6.7,0,1,7,0.3,1.7,0.43,2.9,1,7,0,0,7,7,0.6,0.1,4,6.8,27,0.36,2.79,7.80,0.00,19.00,11.21,147.29,13.13,0.86,0.21
Cole Beasley,1.6,30,14,10,94,60,670,11.2,6,32,51,4.3,47.9,0.64,7.1,0,0,0,0,0,0,0,0,60,11.2,670,0.36,2.79,7.80,0.00,19.00,11.21,147.29,13.13,0.86,0.21
Dawson Knox,2.1,23,14,10,46,27,355,13.1,2,14,49,1.9,25.4,0.59,7.7,1,9,0,1,9,9,0.6,0.1,28,13,364,0.00,0.00,0.00,0.00,6.21,4.36,42.57,9.77,0.57,0.00
Devin Singletary,8.9,22,11,7,40,28,192,6.9,2,5,49,2.5,17.5,0.7,4.8,136,729,2,35,38,5.4,66.3,12.4,164,5.6,921,23.07,88.21,3.82,0.29,7.00,4.79,37.36,7.81,0.14,0.29
Frank Gore,1.5,36,14,7,12,10,84,8.4,0,4,18,0.7,6,0.83,7,160,573,2,29,41,3.6,40.9,11.4,170,3.9,657,23.07,88.21,3.82,0.29,7.00,4.79,37.36,7.81,0.14,0.29
Isaiah McKenzie,0,24,13,6,32,23,236,10.3,1,11,46,1.8,18.2,0.72,7.4,6,19,0,2,10,3.2,1.5,0.5,29,8.8,255,0.36,2.79,7.80,0.00,19.00,11.21,147.29,13.13,0.86,0.21
John Brown,16.9,29,14,14,111,71,1007,14.2,5,52,40,5.1,71.9,0.64,9.1,1,4,0,0,4,4,0.3,0.1,72,14,1011,0.36,2.79,7.80,0.00,19.00,11.21,147.29,13.13,0.86,0.21
Lee Smith,0,32,14,5,5,4,31,7.8,1,2,9,0.3,2.2,0.8,6.2,0,0,0,0,0,0,0,0,4,7.8,31,0.00,0.00,0.00,0.00,6.21,4.36,42.57,9.77,0.57,0.00
Patrick DiMarco,0,30,14,3,7,5,41,8.2,0,1,27,0.4,2.9,0.71,5.9,3,7,0,0,4,2.3,0.5,0.2,8,6,48,23.07,88.21,3.82,0.29,7.00,4.79,37.36,7.81,0.14,0.29
Robert Foster,0,25,11,1,13,3,64,21.3,0,3,24,0.3,5.8,0.23,4.9,2,29,0,1,22,14.5,2.6,0.2,5,18.6,93,0.36,2.79,7.80,0.00,19.00,11.21,147.29,13.13,0.86,0.21
Tyler Kroft,8.4,27,9,2,9,5,66,13.2,1,5,20,0.6,7.3,0.56,7.3,0,0,0,0,0,0,0,0,5,13.2,66,0.00,0.00,0.00,0.00,6.21,4.36,42.57,9.77,0.57,0.00
Alex Armah,0,25,14,1,2,2,6,3,0,0,4,0.1,0.4,1,3,6,11,1,1,4,1.8,0.8,0.4,8,2.1,17,18.79,76.07,4.05,1.00,6.93,5.64,51.64,9.15,0.07,0.36
Brandon Zylstra,0,26,6,0,3,1,7,7,0,1,7,0.2,1.2,0.33,2.3,0,0,0,0,0,0,0,0,1,7,7,1.21,12.07,9.94,0.00,22.07,13.14,163.29,12.42,0.79,0.14
Chris Hogan,2.3,32,5,0,8,4,37,9.3,0,2,13,0.8,7.4,0.5,4.6,0,0,0,0,0,0,0,0,4,9.3,37,1.21,12.07,9.94,0.00,22.07,13.14,163.29,12.42,0.79,0.14
Chris Manhertz,0,27,13,5,1,1,11,11,0,1,11,0.1,0.8,1,11,0,0,0,0,0,0,0,0,1,11,11,0.00,0.00,0.00,0.00,8.93,6.14,67.21,10.94,0.43,0.07
Christian McCaffrey,37.5,23,14,14,117,94,814,8.7,4,49,25,6.7,58.1,0.8,7,265,1307,14,51,84,4.9,93.4,18.9,359,5.9,2121,18.79,76.07,4.05,1.00,6.93,5.64,51.64,9.15,0.07,0.36
Curtis Samuel,16.4,23,14,13,97,50,597,11.9,6,34,44,3.6,42.6,0.52,6.2,17,126,1,7,16,7.4,9,1.2,67,10.8,723,1.21,12.07,9.94,0.00,22.07,13.14,163.29,12.42,0.79,0.14
D.J. Moore,20.3,22,14,14,133,86,1174,13.7,4,63,52,6.1,83.9,0.65,8.8,6,40,0,3,13,6.7,2.9,0.4,92,13.2,1214,1.21,12.07,9.94,0.00,22.07,13.14,163.29,12.42,0.79,0.14
DeAndrew White,0,28,8,0,1,1,8,8,0,0,8,0.1,1,1,8,0,0,0,0,0,0,0,0,1,8,8,1.21,12.07,9.94,0.00,22.07,13.14,163.29,12.42,0.79,0.14
Ian Thomas,4.3,23,14,3,23,12,108,9,1,7,19,0.9,7.7,0.52,4.7,0,0,0,0,0,0,0,0,12,9,108,0.00,0.00,0.00,0.00,8.93,6.14,67.21,10.94,0.43,0.07
Jarius Wright,1.9,30,14,8,48,25,267,10.7,0,14,33,1.8,19.1,0.52,5.6,1,-7,0,0,-7,-7,-0.5,0.1,26,10,260,1.21,12.07,9.94,0.00,22.07,13.14,163.29,12.42,0.79,0.14
Reggie Bonnafon,0,23,14,0,7,4,18,4.5,0,0,7,0.3,1.3,0.57,2.6,12,101,1,2,59,8.4,7.2,0.9,16,7.4,119,18.79,76.07,4.05,1.00,6.93,5.64,51.64,9.15,0.07,0.36
Allen Robinson,19.5,26,14,13,130,83,1023,12.3,7,54,49,5.9,73.1,0.64,7.9,0,0,0,0,0,0,0,0,83,12.3,1023,0.43,1.36,3.17,0.00,18.07,10.43,166.00,15.92,0.71,0.07
Anthony Miller,26.8,25,14,5,82,50,649,13,2,34,35,3.6,46.4,0.61,7.9,1,-1,0,0,-1,-1,-0.1,0.1,51,12.7,648,0.43,1.36,3.17,0.00,18.07,10.43,166.00,15.92,0.71,0.07
Cordarrelle Patterson,1.6,28,14,4,16,10,78,7.8,0,3,33,0.7,5.6,0.63,4.9,14,73,0,2,46,5.2,5.2,1,24,6.3,151,0.43,1.36,3.17,0.00,18.07,10.43,166.00,15.92,0.71,0.07
David Montgomery,5.9,22,14,7,34,24,183,7.6,1,7,30,1.7,13.1,0.71,5.4,206,719,5,39,55,3.5,51.4,14.7,230,3.9,902,23.00,109.50,4.76,1.00,7.79,5.71,42.50,7.44,0.07,0.07
Javon Wims,0,25,14,4,23,12,137,11.4,1,5,37,0.9,9.8,0.52,6,0,0,0,0,0,0,0,0,12,11.4,137,0.43,1.36,3.17,0.00,18.07,10.43,166.00,15.92,0.71,0.07
Jesper Horsted,0.8,22,4,1,9,7,67,9.6,1,3,18,1.8,16.8,0.78,7.4,0,0,0,0,0,0,0,0,7,9.6,67,0.00,0.00,0.00,0.00,7.07,5.07,59.57,11.75,0.43,0.14
Riley Ridley,3,23,3,0,3,3,15,5,0,1,13,1,5,1,5,0,0,0,0,0,0,0,0,3,5,15,0.43,1.36,3.17,0.00,18.07,10.43,166.00,15.92,0.71,0.07
Tarik Cohen,15.5,24,14,10,90,67,387,5.8,3,16,31,4.8,27.6,0.74,4.3,58,185,0,13,13,3.2,13.2,4.1,125,4.6,572,23.00,109.50,4.76,1.00,7.79,5.71,42.50,7.44,0.07,0.07
Alex Erickson,-0.4,27,14,4,65,36,458,12.7,0,22,52,2.6,32.7,0.55,7,4,28,0,2,17,7,2,0.3,40,12.2,486,0.29,4.93,17.25,0.07,19.93,9.93,113.71,11.45,0.21,0.21
C.J. Uzomah,1.8,26,14,14,30,18,180,10,0,8,36,1.3,12.9,0.6,6,0,0,0,0,0,0,0,0,18,10,180,0.07,0.29,4.00,0.07,5.86,4.00,42.86,10.71,0.29,0.07
Giovani Bernard,5.7,28,14,2,39,28,222,7.9,0,7,35,2,15.9,0.72,5.7,48,163,0,9,25,3.4,11.6,3.4,76,5.1,385,19.21,81.00,4.22,0.07,6.50,4.64,33.43,7.20,0.14,0.29
Joe Mixon,18.6,23,14,13,42,32,250,7.8,3,12,33,2.3,17.9,0.76,6,231,925,3,49,30,4,66.1,16.5,263,4.5,1175,19.21,81.00,4.22,0.07,6.50,4.64,33.43,7.20,0.14,0.29
John Ross,4.4,25,6,6,38,20,380,19,3,15,66,3.3,63.3,0.53,10,0,0,0,0,0,0,0,0,20,19,380,0.29,4.93,17.25,0.07,19.93,9.93,113.71,11.45,0.21,0.21
Stanley Morgan,0,23,10,0,10,3,18,6,0,0,9,0.3,1.8,0.3,1.8,0,0,0,0,0,0,0,0,3,6,18,0.29,4.93,17.25,0.07,19.93,9.93,113.71,11.45,0.21,0.21
Tyler Boyd,5.6,25,14,13,126,76,859,11.3,3,40,47,5.4,61.4,0.6,6.8,4,23,0,1,10,5.8,1.6,0.3,80,11,882,0.29,4.93,17.25,0.07,19.93,9.93,113.71,11.45,0.21,0.21
Tyler Eifert,7.4,29,14,4,53,37,345,9.3,2,19,27,2.6,24.6,0.7,6.5,0,0,0,0,0,0,0,0,37,9.3,345,0.07,0.29,4.00,0.07,5.86,4.00,42.86,10.71,0.29,0.07
Antonio Callaway,0,22,4,2,15,8,89,11.1,0,3,41,2,22.3,0.53,5.9,0,0,0,0,0,0,0,0,8,11.1,89,0.29,1.64,5.75,0.00,20.79,14.64,178.50,12.19,1.00,0.00
Damion Ratley,5.3,24,11,3,18,10,136,13.6,0,9,29,0.9,12.4,0.56,7.6,0,0,0,0,0,0,0,0,10,13.6,136,0.29,1.64,5.75,0.00,20.79,14.64,178.50,12.19,1.00,0.00
Demetrius Harris,2.3,28,13,5,23,14,148,10.6,2,9,23,1.1,11.4,0.61,6.4,0,0,0,0,0,0,0,0,14,10.6,148,0.00,0.00,0.00,0.00,7.93,6.00,73.07,12.18,1.07,0.07
Dontrell Hilliard,0,24,13,0,14,11,88,8,0,4,19,0.8,6.8,0.79,6.3,13,49,2,3,11,3.8,3.8,1,24,5.7,137,23.71,101.86,4.30,0.57,7.00,5.93,51.07,8.61,0.29,0.14
Jarvis Landry,7.3,27,14,14,123,74,1018,13.8,5,50,65,5.3,72.7,0.6,8.3,1,10,0,1,10,10,0.7,0.1,75,13.7,1028,0.29,1.64,5.75,0.00,20.79,14.64,178.50,12.19,1.00,0.00
Kareem Hunt,15.6,24,6,2,36,30,220,7.3,1,12,29,5,36.7,0.83,6.1,38,167,2,8,16,4.4,27.8,6.3,68,5.7,387,23.71,101.86,4.30,0.57,7.00,5.93,51.07,8.61,0.29,0.14
KhaDarel Hodge,0,24,14,0,6,2,51,25.5,0,2,41,0.1,3.6,0.33,8.5,0,0,0,0,0,0,0,0,2,25.5,51,0.29,1.64,5.75,0.00,20.79,14.64,178.50,12.19,1.00,0.00
Nick Chubb,23.8,24,14,14,46,35,277,7.9,0,13,32,2.5,19.8,0.76,6,270,1408,8,59,88,5.2,100.6,19.3,305,5.5,1685,23.71,101.86,4.30,0.57,7.00,5.93,51.07,8.61,0.29,0.14
Odell Beckham,14.6,27,14,14,121,67,910,13.6,2,38,89,4.8,65,0.55,7.5,3,10,0,1,11,3.3,0.7,0.2,70,13.1,920,0.29,1.64,5.75,0.00,20.79,14.64,178.50,12.19,1.00,0.00
Rashard Higgins,0,25,9,1,11,4,55,13.8,1,3,35,0.4,6.1,0.36,5,0,0,0,0,0,0,0,0,4,13.8,55,0.29,1.64,5.75,0.00,20.79,14.64,178.50,12.19,1.00,0.00
Ricky Seals-Jones,15.9,24,12,2,20,13,206,15.8,4,9,59,1.1,17.2,0.65,10.3,0,0,0,0,0,0,0,0,13,15.8,206,0.00,0.00,0.00,0.00,7.93,6.00,73.07,12.18,1.07,0.07
Stephen Carlson,0,23,7,5,6,4,44,11,1,2,21,0.6,6.3,0.67,7.3,0,0,0,0,0,0,0,0,4,11,44,0.00,0.00,0.00,0.00,7.93,6.00,73.07,12.18,1.07,0.07
Amari Cooper,2.9,25,14,14,102,71,1073,15.1,8,50,53,5.1,76.6,0.7,10.5,0,0,0,0,0,0,0,0,71,15.1,1073,0.36,-0.07,-0.20,0.00,20.29,12.79,153.79,12.03,0.86,0.29
Blake Jarwin,6,25,14,7,39,30,351,11.7,3,16,42,2.1,25.1,0.77,9,0,0,0,0,0,0,0,0,30,11.7,351,0.14,0.64,4.50,0.00,6.36,4.21,49.29,11.69,0.29,0.00
Dalton Schultz,0,23,14,0,1,1,6,6,0,0,6,0.1,0.4,1,6,0,0,0,0,0,0,0,0,1,6,6,0.14,0.64,4.50,0.00,6.36,4.21,49.29,11.69,0.29,0.00
Ezekiel Elliott,31,24,14,14,59,44,381,8.7,1,19,27,3.1,27.2,0.75,6.5,270,1188,11,69,31,4.4,84.9,19.3,314,5,1569,24.57,100.43,4.09,0.71,6.50,4.57,35.71,7.81,0.29,0.00
Jason Witten,13.6,37,14,14,76,57,491,8.6,4,25,33,4.1,35.1,0.75,6.5,0,0,0,0,0,0,0,0,57,8.6,491,0.14,0.64,4.50,0.00,6.36,4.21,49.29,11.69,0.29,0.00
Michael Gallup,1.6,23,12,10,95,56,911,16.3,3,42,62,4.7,75.9,0.59,9.6,0,0,0,0,0,0,0,0,56,16.3,911,0.36,-0.07,-0.20,0.00,20.29,12.79,153.79,12.03,0.86,0.29
Randall Cobb,0.7,29,13,5,70,45,674,15,3,33,59,3.5,51.8,0.64,9.6,3,11,0,0,7,3.7,0.8,0.2,48,14.3,685,0.36,-0.07,-0.20,0.00,20.29,12.79,153.79,12.03,0.86,0.29
Tavon Austin,13.2,29,12,0,20,11,171,15.5,1,8,59,0.9,14.3,0.55,8.6,6,47,1,2,20,7.8,3.9,0.5,17,12.8,218,0.36,-0.07,-0.20,0.00,20.29,12.79,153.79,12.03,0.86,0.29
Tony Pollard,22.3,22,13,0,18,14,102,7.3,1,4,21,1.1,7.8,0.78,5.7,70,395,2,18,44,5.6,30.4,5.4,84,5.9,497,24.57,100.43,4.09,0.71,6.50,4.57,35.71,7.81,0.29,0.00
Ventell Bryant,0,23,10,0,1,1,15,15,1,1,15,0.1,1.5,1,15,0,0,0,0,0,0,0,0,1,15,15,0.36,-0.07,-0.20,0.00,20.29,12.79,153.79,12.03,0.86,0.29
Andrew Beck,3.3,23,14,4,9,6,81,13.5,0,5,29,0.4,5.8,0.67,9,0,0,0,0,0,0,0,0,6,13.5,81,22.71,112.00,4.93,0.64,8.21,5.79,57.50,9.94,0.36,0.21
Courtland Sutton,11.9,24,14,12,106,63,1019,16.2,6,45,70,4.5,72.8,0.59,9.6,3,17,0,1,9,5.7,1.2,0.2,66,15.7,1036,0.36,2.43,6.80,0.00,16.71,9.43,125.00,13.26,0.71,0.07
DaeSean Hamilton,3.3,24,14,2,40,17,167,9.8,0,9,28,1.2,11.9,0.43,4.2,0,0,0,0,0,0,0,0,17,9.8,167,0.36,2.43,6.80,0.00,16.71,9.43,125.00,13.26,0.71,0.07
Devontae Booker,0.5,27,14,0,5,3,38,12.7,0,1,25,0.2,2.7,0.6,7.6,2,9,0,0,5,4.5,0.6,0.1,5,9.4,47,22.71,112.00,4.93,0.64,8.21,5.79,57.50,9.94,0.36,0.21
Diontae Spencer,0,27,14,1,8,6,31,5.2,0,1,20,0.4,2.2,0.75,3.9,2,14,0,0,9,7,1,0.1,8,5.6,45,0.36,2.43,6.80,0.00,16.71,9.43,125.00,13.26,0.71,0.07
Fred Brown,0,26,11,1,3,2,21,10.5,0,1,16,0.2,1.9,0.67,7,0,0,0,0,0,0,0,0,2,10.5,21,0.36,2.43,6.80,0.00,16.71,9.43,125.00,13.26,0.71,0.07
Jeff Heuerman,0,27,12,10,18,12,101,8.4,1,8,26,1,8.4,0.67,5.6,0,0,0,0,0,0,0,0,12,8.4,101,0.00,0.00,0.00,0.00,9.57,6.43,63.43,9.87,0.29,0.00
Noah Fant,7.6,22,14,10,62,37,548,14.8,3,23,75,2.6,39.1,0.6,8.8,3,-12,0,0,-2,-4,-0.9,0.2,40,13.4,536,0.00,0.00,0.00,0.00,9.57,6.43,63.43,9.87,0.29,0.00
Phillip Lindsay,3.2,25,14,14,44,33,187,5.7,0,8,36,2.4,13.4,0.75,4.3,187,849,6,33,40,4.5,60.6,13.4,220,4.7,1036,22.71,112.00,4.93,0.64,8.21,5.79,57.50,9.94,0.36,0.21
Royce Freeman,6.6,23,14,0,47,40,239,6,1,10,19,2.9,17.1,0.85,5.1,121,472,2,20,26,3.9,33.7,8.6,161,4.4,711,22.71,112.00,4.93,0.64,8.21,5.79,57.50,9.94,0.36,0.21
Tim Patrick,5.6,26,6,1,23,10,156,15.6,0,9,38,1.7,26,0.44,6.8,0,0,0,0,0,0,0,0,10,15.6,156,0.36,2.43,6.80,0.00,16.71,9.43,125.00,13.26,0.71,0.07
Troy Fumagalli,1.7,24,9,5,7,5,29,5.8,1,1,9,0.6,3.2,0.71,4.1,0,0,0,0,0,0,0,0,5,5.8,29,0.00,0.00,0.00,0.00,9.57,6.43,63.43,9.87,0.29,0.00
C.J. Anderson,0,28,2,0,0,0,0,0,0,0,0,0,0,0,0,16,43,0,1,9,2.7,21.5,8,16,2.7,43,18.07,56.36,3.12,0.50,7.43,5.64,31.64,5.61,0.07,0.36
Danny Amendola,18.2,34,13,8,90,58,641,11.1,1,35,47,4.5,49.3,0.64,7.1,0,0,0,0,0,0,0,0,58,11.1,641,0.64,4.64,7.22,0.07,24.86,14.79,202.36,13.69,1.50,0.14
Isaac Nauta,2,22,4,0,3,2,13,6.5,0,1,10,0.5,3.3,0.67,4.3,0,0,0,0,0,0,0,0,2,6.5,13,0.00,0.00,0.00,0.00,8.14,5.14,62.29,12.11,0.50,0.00
J.D. McKissic,2.9,26,14,3,40,33,229,6.9,1,7,26,2.4,16.4,0.83,5.7,38,205,0,8,44,5.4,14.6,2.7,71,6.1,434,18.07,56.36,3.12,0.50,7.43,5.64,31.64,5.61,0.07,0.36
Jesse James,6.1,25,14,9,23,13,125,9.6,0,7,23,0.9,8.9,0.57,5.4,0,0,0,0,0,0,0,0,13,9.6,125,0.00,0.00,0.00,0.00,8.14,5.14,62.29,12.11,0.50,0.00
Kenny Golladay,7.4,26,14,14,100,56,1052,18.8,10,45,75,4,75.1,0.56,10.5,0,0,0,0,0,0,0,0,56,18.8,1052,0.64,4.64,7.22,0.07,24.86,14.79,202.36,13.69,1.50,0.14
Logan Thomas,0,28,14,3,22,13,141,10.8,1,9,17,0.9,10.1,0.59,6.4,0,0,0,0,0,0,0,0,13,10.8,141,0.00,0.00,0.00,0.00,8.14,5.14,62.29,12.11,0.50,0.00
Paul Perkins,0,25,4,0,1,1,9,9,0,0,9,0.3,2.3,1,9,12,29,0,3,13,2.4,7.3,3,13,2.9,38,18.07,56.36,3.12,0.50,7.43,5.64,31.64,5.61,0.07,0.36
Ty Johnson,4,22,14,1,29,24,109,4.5,0,4,13,1.7,7.8,0.83,3.8,57,188,0,7,17,3.3,13.4,4.1,81,3.7,297,18.07,56.36,3.12,0.50,7.43,5.64,31.64,5.61,0.07,0.36
Aaron Jones,17.1,25,14,14,59,45,425,9.4,3,16,67,3.2,30.4,0.76,7.2,188,830,14,44,42,4.4,59.3,13.4,233,5.4,1255,22.86,84.07,3.68,1.00,7.29,5.50,37.64,6.84,0.07,0.07
Allen Lazard,3.4,24,14,1,35,26,363,14,2,16,43,1.9,25.9,0.74,10.4,1,21,0,1,21,21,1.5,0.1,27,14.2,384,0.21,1.21,5.67,0.00,19.43,11.71,150.36,12.84,0.64,0.14
Danny Vitale,0,26,14,4,11,7,97,13.9,0,3,27,0.5,6.9,0.64,8.8,1,3,0,0,3,3,0.2,0.1,8,12.5,100,22.86,84.07,3.68,1.00,7.29,5.50,37.64,6.84,0.07,0.07
Darrius Shepherd,0,24,6,0,2,1,1,1,0,0,1,0.2,0.2,0.5,0.5,0,0,0,0,0,0,0,0,1,1,1,0.21,1.21,5.67,0.00,19.43,11.71,150.36,12.84,0.64,0.14
Davante Adams,23.3,27,10,10,98,63,788,12.5,4,43,58,6.3,78.8,0.64,8,0,0,0,0,0,0,0,0,63,12.5,788,0.21,1.21,5.67,0.00,19.43,11.71,150.36,12.84,0.64,0.14
Geronimo Allison,3.9,25,14,6,49,31,270,8.7,2,15,31,2.2,19.3,0.63,5.5,1,7,0,0,7,7,0.5,0.1,32,8.7,277,0.21,1.21,5.67,0.00,19.43,11.71,150.36,12.84,0.64,0.14
Jake Kumerow,5.9,27,12,4,18,11,212,19.3,1,8,49,0.9,17.7,0.61,11.8,0,0,0,0,0,0,0,0,11,19.3,212,0.21,1.21,5.67,0.00,19.43,11.71,150.36,12.84,0.64,0.14
Jamaal Williams,4.3,24,13,2,43,37,234,6.3,5,14,17,2.8,18,0.86,5.4,101,427,1,21,45,4.2,32.8,7.8,138,4.8,661,22.86,84.07,3.68,1.00,7.29,5.50,37.64,6.84,0.07,0.07
Jimmy Graham,1,33,14,8,52,33,382,11.6,3,19,48,2.4,27.3,0.64,7.3,0,0,0,0,0,0,0,0,33,11.6,382,0.00,0.00,0.00,0.00,8.29,6.00,55.50,9.25,0.29,0.00
Marcedes Lewis,1.6,35,14,10,17,13,142,10.9,1,7,25,0.9,10.1,0.77,8.4,0,0,0,0,0,0,0,0,13,10.9,142,0.00,0.00,0.00,0.00,8.29,6.00,55.50,9.25,0.29,0.00
Marquez Valdes-Scantling,0,25,14,9,48,23,427,18.6,2,12,74,1.6,30.5,0.48,8.9,2,9,0,0,9,4.5,0.6,0.1,25,17.4,436,0.21,1.21,5.67,0.00,19.43,11.71,150.36,12.84,0.64,0.14
Robert Tonyan,1.5,25,9,1,12,8,91,11.4,1,4,28,0.9,10.1,0.67,7.6,0,0,0,0,0,0,0,0,8,11.4,91,0.00,0.00,0.00,0.00,8.29,6.00,55.50,9.25,0.29,0.00
Buddy Howell,0,23,14,0,0,0,0,0,0,0,0,0,0,0,0,2,5,0,0,4,2.5,0.4,0.1,2,2.5,5,21.86,86.57,3.96,0.71,8.07,6.21,47.29,7.61,0.21,0.14
Carlos Hyde,16.4,29,14,12,15,9,32,3.6,0,1,14,0.6,2.3,0.6,2.1,224,1030,5,52,58,4.6,73.6,16,233,4.6,1062,21.86,86.57,3.96,0.71,8.07,6.21,47.29,7.61,0.21,0.14
Darren Fells,1.2,33,14,13,45,31,314,10.1,7,20,24,2.2,22.4,0.69,7,0,0,0,0,0,0,0,0,31,10.1,314,0.00,0.00,0.00,0.00,7.50,5.07,55.00,10.85,0.50,0.14
DeAndre Carter,0,26,14,2,5,3,53,17.7,0,2,46,0.2,3.8,0.6,10.6,0,0,0,0,0,0,0,0,3,17.7,53,0.64,2.86,4.44,0.00,19.43,12.71,167.93,13.21,0.79,0.07
DeAndre Hopkins,17.9,27,14,14,141,99,1142,11.5,7,67,43,7.1,81.6,0.7,8.1,2,18,0,2,12,9,1.3,0.1,101,11.5,1160,0.64,2.86,4.44,0.00,19.43,12.71,167.93,13.21,0.79,0.07
Duke Johnson,4.3,26,14,2,52,38,353,9.3,3,15,21,2.7,25.2,0.73,6.8,77,394,1,16,40,5.1,28.1,5.5,115,6.5,747,21.86,86.57,3.96,0.71,8.07,6.21,47.29,7.61,0.21,0.14
Jordan Akins,2.7,27,14,8,46,31,364,11.7,2,18,53,2.2,26,0.67,7.9,0,0,0,0,0,0,0,0,31,11.7,364,0.00,0.00,0.00,0.00,7.50,5.07,55.00,10.85,0.50,0.14
Kenny Stills,18.5,27,12,4,46,35,504,14.4,4,25,45,2.9,42,0.76,11,0,0,0,0,0,0,0,0,35,14.4,504,0.64,2.86,4.44,0.00,19.43,12.71,167.93,13.21,0.79,0.07
Will Fuller,11.1,25,10,10,69,47,659,14,3,26,54,4.7,65.9,0.68,9.6,0,0,0,0,0,0,0,0,47,14,659,0.64,2.86,4.44,0.00,19.43,12.71,167.93,13.21,0.79,0.07
Ashton Dulin,1.4,22,11,0,2,2,17,8.5,0,0,13,0.2,1.5,1,8.5,0,0,0,0,0,0,0,0,2,8.5,17,1.29,11.29,8.78,0.00,21.71,12.79,175.86,13.75,1.14,0.07
Jack Doyle,4.1,29,14,14,64,40,425,10.6,4,28,23,2.9,30.4,0.63,6.6,0,0,0,0,0,0,0,0,40,10.6,425,0.07,0.00,0.00,0.00,6.36,4.57,47.86,10.47,0.29,0.07
Jonathan Williams,0,25,7,1,5,5,59,11.8,0,3,31,0.7,8.4,1,11.8,49,235,1,13,48,4.8,33.6,7,54,5.4,294,17.71,65.43,3.69,0.43,7.43,6.07,35.57,5.86,0.29,0.21
Jordan Wilkins,8.7,25,13,1,11,7,43,6.1,0,1,11,0.5,3.3,0.64,3.9,42,223,1,7,55,5.3,17.2,3.2,49,5.4,266,17.71,65.43,3.69,0.43,7.43,6.07,35.57,5.86,0.29,0.21
Marcus Johnson,5.7,25,6,4,25,14,244,17.4,2,10,50,2.3,40.7,0.56,9.8,0,0,0,0,0,0,0,0,14,17.4,244,1.29,11.29,8.78,0.00,21.71,12.79,175.86,13.75,1.14,0.07
Marlon Mack,1.9,23,12,10,14,12,76,6.3,0,1,14,1,6.3,0.86,5.4,216,919,5,57,63,4.3,76.6,18,228,4.4,995,17.71,65.43,3.69,0.43,7.43,6.07,35.57,5.86,0.29,0.21
Mo Alie-Cox,0,26,14,2,9,6,57,9.5,0,3,16,0.4,4.1,0.67,6.3,0,0,0,0,0,0,0,0,6,9.5,57,0.07,0.00,0.00,0.00,6.36,4.57,47.86,10.47,0.29,0.07
Nyheim Hines,3.2,23,14,2,52,40,296,7.4,0,15,21,2.9,21.1,0.77,5.7,44,161,2,12,18,3.7,11.5,3.1,84,5.4,457,17.71,65.43,3.69,0.43,7.43,6.07,35.57,5.86,0.29,0.21
T.Y. Hilton,6.5,30,8,8,61,39,403,10.3,5,20,35,4.9,50.4,0.64,6.6,0,0,0,0,0,0,0,0,39,10.3,403,1.29,11.29,8.78,0.00,21.71,12.79,175.86,13.75,1.14,0.07
Zach Pascal,8.4,25,14,11,66,39,591,15.2,5,28,37,2.8,42.2,0.59,9,1,12,0,1,12,12,0.9,0.1,40,15.1,603,1.29,11.29,8.78,0.00,21.71,12.79,175.86,13.75,1.14,0.07
Ben Koyack,0,26,9,4,3,1,9,9,0,0,9,0.1,1,0.33,3,0,0,0,0,0,0,0,0,1,9,9,0.07,-0.36,-5.00,0.00,7.14,4.50,57.64,12.81,0.64,0.00
C.J. Board,1.8,26,3,0,4,2,31,15.5,0,1,23,0.7,10.3,0.5,7.8,0,0,0,0,0,0,0,0,2,15.5,31,0.64,4.71,7.33,0.07,17.79,11.00,172.14,15.65,1.21,0.07
Chris Conley,20.9,27,14,12,79,42,681,16.2,4,32,70,3,48.6,0.53,8.6,0,0,0,0,0,0,0,0,42,16.2,681,0.64,4.71,7.33,0.07,17.79,11.00,172.14,15.65,1.21,0.07
Dede Westbrook,4.1,26,13,10,89,57,583,10.2,2,25,39,4.4,44.8,0.64,6.6,5,27,0,0,8,5.4,2.1,0.4,62,9.8,610,0.64,4.71,7.33,0.07,17.79,11.00,172.14,15.65,1.21,0.07
Keelan Cole,10.6,26,14,1,29,20,271,13.6,2,16,55,1.4,19.4,0.69,9.3,0,0,0,0,0,0,0,0,20,13.6,271,0.64,4.71,7.33,0.07,17.79,11.00,172.14,15.65,1.21,0.07
Leonard Fournette,12.3,24,14,14,94,73,488,6.7,0,22,27,5.2,34.9,0.78,5.2,250,1081,3,52,81,4.3,77.2,17.9,323,4.9,1569,21.43,85.50,3.99,0.64,7.00,5.43,48.71,8.97,0.43,0.00
Michael Walker,0,23,6,0,3,2,15,7.5,0,1,9,0.3,2.5,0.67,5,0,0,0,0,0,0,0,0,2,7.5,15,0.64,4.71,7.33,0.07,17.79,11.00,172.14,15.65,1.21,0.07
Ryquell Armstead,0.1,23,14,0,15,9,92,10.2,1,5,31,0.6,6.6,0.6,6.1,24,73,0,2,16,3,5.2,1.7,33,5,165,21.43,85.50,3.99,0.64,7.00,5.43,48.71,8.97,0.43,0.00
Seth Devalve,4.3,26,10,5,11,8,91,11.4,0,5,18,0.8,9.1,0.73,8.3,0,0,0,0,0,0,0,0,8,11.4,91,0.07,-0.36,-5.00,0.00,7.14,4.50,57.64,12.81,0.64,0.00
Anthony Sherman,0,31,14,0,3,2,22,11,0,2,15,0.1,1.6,0.67,7.3,4,9,0,3,5,2.3,0.6,0.3,6,5.2,31,23.93,93.86,3.92,0.50,6.93,5.50,37.21,6.77,0.14,0.21
Blake Bell,6.1,28,13,6,10,5,51,10.2,0,2,30,0.4,3.9,0.5,5.1,0,0,0,0,0,0,0,0,5,10.2,51,0.00,0.00,0.00,0.00,8.14,5.71,59.57,10.42,0.21,0.00
Byron Pringle,0,26,14,0,16,12,170,14.2,1,7,28,0.9,12.1,0.75,10.6,0,0,0,0,0,0,0,0,12,14.2,170,0.57,6.36,11.12,0.00,16.93,10.71,139.93,13.06,0.86,0.07
Darwin Thompson,4.9,23,10,0,9,8,47,5.9,0,2,19,0.8,4.7,0.89,5.2,28,97,1,6,12,3.5,9.7,2.8,36,4,144,23.93,93.86,3.92,0.50,6.93,5.50,37.21,6.77,0.14,0.21
Demarcus Robinson,4.1,25,14,10,51,30,412,13.7,3,17,44,2.1,29.4,0.59,8.1,0,0,0,0,0,0,0,0,30,13.7,412,0.57,6.36,11.12,0.00,16.93,10.71,139.93,13.06,0.86,0.07
LeSean McCoy,1.6,31,13,9,34,28,181,6.5,1,6,23,2.2,13.9,0.82,5.3,101,465,4,24,39,4.6,35.8,7.8,129,5,646,23.93,93.86,3.92,0.50,6.93,5.50,37.21,6.77,0.14,0.21
Mecole Hardman,2,21,14,4,40,25,508,20.3,6,17,83,1.8,36.3,0.63,12.7,4,17,0,1,9,4.3,1.2,0.3,29,18.1,525,0.57,6.36,11.12,0.00,16.93,10.71,139.93,13.06,0.86,0.07
Sammy Watkins,9.9,26,12,11,83,49,637,13,3,28,68,4.1,53.1,0.59,7.7,2,12,0,1,11,6,1,0.2,51,12.7,649,0.57,6.36,11.12,0.00,16.93,10.71,139.93,13.06,0.86,0.07
Spencer Ware,5.5,28,2,0,4,3,0,0,0,0,6,1.5,0,0.75,0,12,37,0,3,6,3.1,18.5,6,15,2.5,37,23.93,93.86,3.92,0.50,6.93,5.50,37.21,6.77,0.14,0.21
Travis Kelce,25.2,30,14,14,122,86,1131,13.2,4,59,47,6.1,80.8,0.71,9.3,1,4,1,1,4,4,0.3,0.1,87,13,1135,0.00,0.00,0.00,0.00,8.14,5.71,59.57,10.42,0.21,0.00
Tyreek Hill,23.8,25,10,10,79,49,727,14.8,7,34,57,4.9,72.7,0.62,9.2,8,23,0,1,5,2.9,2.3,0.8,57,13.2,750,0.57,6.36,11.12,0.00,16.93,10.71,139.93,13.06,0.86,0.07
Andre Patton,1.8,25,11,4,12,4,38,9.5,0,3,15,0.4,3.5,0.33,3.2,0,0,0,0,0,0,0,0,4,9.5,38,0.64,2.14,3.33,0.00,20.71,14.00,171.93,12.28,1.29,0.21
Austin Ekeler,13.1,24,14,7,91,78,892,11.4,8,38,84,5.6,63.7,0.86,9.8,119,500,3,28,35,4.2,35.7,8.5,197,7.1,1392,21.64,89.79,4.15,0.36,6.50,4.64,36.50,7.86,0.29,0.21
Derek Watt,0,27,14,2,5,3,32,10.7,0,1,21,0.2,2.3,0.6,6.4,7,10,1,6,3,1.4,0.7,0.5,10,4.2,42,21.64,89.79,4.15,0.36,6.50,4.64,36.50,7.86,0.29,0.21
Hunter Henry,2.9,25,10,10,63,45,565,12.6,4,31,30,4.5,56.5,0.71,9,0,0,0,0,0,0,0,0,45,12.6,565,0.36,0.36,1.00,0.00,8.93,5.79,54.14,9.36,0.07,0.14
Jason Moore,0,24,8,0,4,2,43,21.5,0,2,32,0.3,5.4,0.5,10.8,0,0,0,0,0,0,0,0,2,21.5,43,0.64,2.14,3.33,0.00,20.71,14.00,171.93,12.28,1.29,0.21
Justin Jackson,3.7,24,6,0,11,9,22,2.4,0,0,9,1.5,3.7,0.82,2,28,189,0,8,40,6.8,31.5,4.7,37,5.7,211,21.64,89.79,4.15,0.36,6.50,4.64,36.50,7.86,0.29,0.21
Keenan Allen,18.9,27,14,14,129,90,1046,11.6,5,53,45,6.4,74.7,0.7,8.1,2,21,0,1,18,10.5,1.5,0.1,92,11.6,1067,0.64,2.14,3.33,0.00,20.71,14.00,171.93,12.28,1.29,0.21
Lance Kendricks,0,31,10,1,7,3,50,16.7,0,3,24,0.3,5,0.43,7.1,0,0,0,0,0,0,0,0,3,16.7,50,0.36,0.36,1.00,0.00,8.93,5.79,54.14,9.36,0.07,0.14
Melvin Gordon,7.4,26,10,9,41,30,188,6.3,1,9,25,3,18.8,0.73,4.6,139,551,5,32,24,4,55.1,13.9,169,4.4,739,21.64,89.79,4.15,0.36,6.50,4.64,36.50,7.86,0.29,0.21
Mike Williams,17.1,25,13,13,81,44,912,20.7,2,36,56,3.4,70.2,0.54,11.3,1,2,0,0,2,2,0.2,0.1,45,20.3,914,0.64,2.14,3.33,0.00,20.71,14.00,171.93,12.28,1.29,0.21
Troymaine Pope,0,26,12,0,3,2,14,7,1,1,13,0.2,1.2,0.67,4.7,10,20,0,0,8,2,1.7,0.8,12,2.8,34,21.64,89.79,4.15,0.36,6.50,4.64,36.50,7.86,0.29,0.21
Virgil Green,0,31,13,4,11,8,74,9.3,1,4,15,0.6,5.7,0.73,6.7,0,0,0,0,0,0,0,0,8,9.3,74,0.36,0.36,1.00,0.00,8.93,5.79,54.14,9.36,0.07,0.14
Brandin Cooks,8.6,26,12,12,61,35,504,14.4,1,26,57,2.9,42,0.57,8.3,6,52,0,3,27,8.7,4.3,0.5,41,13.6,556,0.64,3.14,4.89,0.00,18.36,11.14,136.86,12.28,0.86,0.00
Cooper Kupp,16.1,26,14,12,120,83,1031,12.4,8,44,66,5.9,73.6,0.69,8.6,2,4,0,0,6,2,0.3,0.1,85,12.2,1035,0.64,3.14,4.89,0.00,18.36,11.14,136.86,12.28,0.86,0.00
Darrell Henderson,0,22,12,0,6,4,37,9.3,0,1,14,0.3,3.1,0.67,6.2,37,140,0,10,22,3.8,11.7,3.1,41,4.3,177,20.21,80.71,3.99,0.71,7.71,5.79,44.36,7.67,0.14,0.14
John Kelly,0,23,3,0,0,0,0,0,0,0,0,0,0,0,0,3,9,0,0,6,3,3,1,3,3,9,20.21,80.71,3.99,0.71,7.71,5.79,44.36,7.67,0.14,0.14
Johnny Mundt,3.5,25,11,2,6,3,24,8,0,1,9,0.3,2.2,0.5,4,0,0,0,0,0,0,0,0,3,8,24,0.07,0.14,2.00,0.00,8.07,6.00,58.36,9.73,0.36,0.07
Josh Reynolds,5.6,24,14,2,39,19,294,15.5,1,14,31,1.4,21,0.49,7.5,5,23,0,2,12,4.6,1.6,0.4,24,13.2,317,0.64,3.14,4.89,0.00,18.36,11.14,136.86,12.28,0.86,0.00
Malcolm Brown,0,26,12,1,4,1,10,10,0,0,10,0.1,0.8,0.25,2.5,59,230,4,14,17,3.9,19.2,4.9,60,4,240,20.21,80.71,3.99,0.71,7.71,5.79,44.36,7.67,0.14,0.14
Mike Thomas,1.5,25,14,0,5,2,14,7,0,1,9,0.1,1,0.4,2.8,0,0,0,0,0,0,0,0,2,7,14,0.64,3.14,4.89,0.00,18.36,11.14,136.86,12.28,0.86,0.00
Robert Woods,5.7,27,13,13,116,75,950,12.7,1,45,48,5.8,73.1,0.65,8.2,14,100,1,5,20,7.1,7.7,1.1,89,11.8,1050,0.64,3.14,4.89,0.00,18.36,11.14,136.86,12.28,0.86,0.00
Todd Gurley,20.8,25,13,13,46,29,186,6.4,2,7,23,2.2,14.3,0.63,4,188,741,10,45,25,3.9,57,14.5,217,4.3,927,20.21,80.71,3.99,0.71,7.71,5.79,44.36,7.67,0.14,0.14
Tyler Higbee,23.1,26,13,13,66,52,546,10.5,2,26,33,4,42,0.79,8.3,0,0,0,0,0,0,0,0,52,10.5,546,0.07,0.14,2.00,0.00,8.07,6.00,58.36,9.73,0.36,0.07
Albert Wilson,10.9,27,11,3,47,31,213,6.9,1,14,22,2.8,19.4,0.66,4.5,4,36,0,1,28,9,3.3,0.4,35,7.1,249,0.21,1.21,5.67,0.00,19.14,12.71,183.86,14.46,1.43,0.14
Allen Hurns,1.9,28,13,6,45,30,375,12.5,2,16,27,2.3,28.8,0.67,8.3,0,0,0,0,0,0,0,0,30,12.5,375,0.21,1.21,5.67,0.00,19.14,12.71,183.86,14.46,1.43,0.14
Clive Walford,5.4,28,6,3,6,3,42,14,0,3,19,0.5,7,0.5,7,0,4,0,0,4,0,0.7,0,3,15.3,46,0.07,0.14,2.00,0.00,6.93,4.43,47.71,10.77,0.43,0.00
DeVante Parker,23.2,26,14,12,102,59,954,16.2,8,47,50,4.2,68.1,0.58,9.4,0,0,0,0,0,0,0,0,59,16.2,954,0.21,1.21,5.67,0.00,19.14,12.71,183.86,14.46,1.43,0.14
Durham Smythe,0,24,14,12,9,4,39,9.8,0,1,24,0.3,2.8,0.44,4.3,0,0,0,0,0,0,0,0,4,9.8,39,0.07,0.14,2.00,0.00,6.93,4.43,47.71,10.77,0.43,0.00
Isaiah Ford,5.1,23,6,0,20,11,122,11.1,0,9,25,1.8,20.3,0.55,6.1,0,0,0,0,0,0,0,0,11,11.1,122,0.21,1.21,5.67,0.00,19.14,12.71,183.86,14.46,1.43,0.14
Mike Gesicki,8.7,24,14,4,70,41,454,11.1,2,19,34,2.9,32.4,0.59,6.5,0,0,0,0,0,0,0,0,41,11.1,454,0.07,0.14,2.00,0.00,6.93,4.43,47.71,10.77,0.43,0.00
Myles Gaskin,9.2,22,6,0,9,6,48,8,0,2,20,1,8,0.67,5.3,20,78,0,3,27,3.9,13,3.3,26,4.8,126,24.43,98.71,4.04,0.64,7.14,5.50,45.57,8.29,0.00,0.07
Patrick Laird,7.4,24,13,2,24,18,155,8.6,0,10,21,1.4,11.9,0.75,6.5,43,130,1,7,18,3,10,3.3,61,4.7,285,24.43,98.71,4.04,0.64,7.14,5.50,45.57,8.29,0.00,0.07
Adam Thielen,6,29,9,9,44,30,418,13.9,6,18,44,3.3,46.4,0.68,9.5,3,4,1,1,3,1.3,0.4,0.3,33,12.8,422,0.57,2.14,3.75,0.00,15.43,10.86,124.07,11.43,0.64,0.00
Ameer Abdullah,2.5,26,14,0,10,6,43,7.2,1,3,16,0.4,3.1,0.6,4.3,13,66,0,2,15,5.1,4.7,0.9,19,5.7,109,22.71,94.07,4.14,0.79,7.07,5.57,40.14,7.21,0.29,0.00
C.J. Ham,4.8,26,14,6,21,15,137,9.1,1,6,36,1.1,9.8,0.71,6.5,5,13,0,1,9,2.6,0.9,0.4,20,7.5,150,22.71,94.07,4.14,0.79,7.07,5.57,40.14,7.21,0.29,0.00
Dalvin Cook,7.3,24,14,14,63,53,519,9.8,0,26,31,3.8,37.1,0.84,8.2,250,1135,13,60,75,4.5,81.1,17.9,303,5.5,1654,22.71,94.07,4.14,0.79,7.07,5.57,40.14,7.21,0.29,0.00
Irv Smith Jr.,8.8,21,14,7,42,33,296,9,2,16,29,2.4,21.1,0.79,7,0,0,0,0,0,0,0,0,33,9,296,0.00,0.00,0.00,0.00,5.93,3.93,44.21,11.25,0.43,0.00
Kyle Rudolph,7.8,30,14,14,46,38,360,9.5,6,23,32,2.7,25.7,0.83,7.8,0,0,0,0,0,0,0,0,38,9.5,360,0.00,0.00,0.00,0.00,5.93,3.93,44.21,11.25,0.43,0.00
Laquon Treadwell,0,24,11,0,13,9,184,20.4,1,8,58,0.8,16.7,0.69,14.2,0,0,0,0,0,0,0,0,9,20.4,184,0.57,2.14,3.75,0.00,15.43,10.86,124.07,11.43,0.64,0.00
Mike Boone,17.6,24,14,0,0,0,0,0,0,0,0,0,0,0,0,21,97,2,4,24,4.6,6.9,1.5,21,4.6,97,22.71,94.07,4.14,0.79,7.07,5.57,40.14,7.21,0.29,0.00
Olabisi Johnson,3.5,22,14,5,39,27,254,9.4,3,14,23,1.9,18.1,0.69,6.5,1,6,0,0,6,6,0.4,0.1,28,9.3,260,0.57,2.14,3.75,0.00,15.43,10.86,124.07,11.43,0.64,0.00
Stefon Diggs,12,26,14,14,89,60,1073,17.9,5,38,66,4.3,76.6,0.67,12.1,5,61,0,3,27,12.2,4.4,0.4,65,17.4,1134,0.57,2.14,3.75,0.00,15.43,10.86,124.07,11.43,0.64,0.00
Tyler Conklin,0,24,13,1,9,7,49,7,0,2,20,0.5,3.8,0.78,5.4,0,0,0,0,0,0,0,0,7,7,49,0.00,0.00,0.00,0.00,5.93,3.93,44.21,11.25,0.43,0.00
Alvin Kamara,13.9,24,12,8,87,73,485,6.6,1,25,41,6.1,40.4,0.84,5.6,152,678,1,26,30,4.5,56.5,12.7,225,5.2,1163,20.50,85.14,4.15,0.29,7.29,6.14,40.07,6.52,0.14,0.29
Deonte Harris,1.1,22,12,0,5,5,24,4.8,0,2,13,0.4,2,1,4.8,2,18,0,2,10,9,1.5,0.2,7,6,42,0.57,5.86,10.25,0.14,17.93,12.50,169.07,13.53,1.14,0.00
Dwayne Washington,2,25,14,0,1,1,6,6,0,0,6,0.1,0.4,1,6,6,58,0,2,31,9.7,4.1,0.4,7,9.1,64,20.50,85.14,4.15,0.29,7.29,6.14,40.07,6.52,0.14,0.29
Jared Cook,9.4,32,12,7,59,38,577,15.2,6,28,40,3.2,48.1,0.64,9.8,0,0,0,0,0,0,0,0,38,15.2,577,0.00,0.00,0.00,0.00,7.29,5.36,52.07,9.72,0.43,0.07
Josh Hill,7.5,29,14,9,30,22,191,8.7,3,11,29,1.6,13.6,0.73,6.4,0,0,0,0,0,0,0,0,22,8.7,191,0.00,0.00,0.00,0.00,7.29,5.36,52.07,9.72,0.43,0.07
Latavius Murray,6.9,29,14,7,39,31,210,6.8,1,8,30,2.2,15,0.8,5.4,122,562,5,34,30,4.6,40.1,8.7,153,5,772,20.50,85.14,4.15,0.29,7.29,6.14,40.07,6.52,0.14,0.29
Michael Thomas,30.8,26,14,13,159,133,1552,11.7,8,78,49,9.5,110.9,0.84,9.8,1,-9,0,0,-9,-9,-0.6,0.1,134,11.5,1543,0.57,5.86,10.25,0.14,17.93,12.50,169.07,13.53,1.14,0.00
Ted Ginn,2.3,34,14,9,53,29,411,14.2,2,19,45,2.1,29.4,0.55,7.8,3,18,0,2,12,6,1.3,0.2,32,13.4,429,0.57,5.86,10.25,0.14,17.93,12.50,169.07,13.53,1.14,0.00
Zach Line,0.4,29,11,2,10,6,36,6,0,1,12,0.5,3.3,0.6,3.6,7,20,0,5,5,2.9,1.8,0.6,13,4.3,56,20.50,85.14,4.15,0.29,7.29,6.14,40.07,6.52,0.14,0.29
Ben Watson,0,39,8,7,20,13,154,11.8,0,8,26,1.6,19.3,0.65,7.7,0,0,0,0,0,0,0,0,13,11.8,154,0.14,0.50,3.50,0.00,5.57,4.07,48.79,11.98,0.29,0.07
Brandon Bolden,0,29,13,2,11,9,111,12.3,1,6,29,0.7,8.5,0.82,10.1,15,68,3,5,21,4.5,5.2,1.2,24,7.5,179,24.64,118.43,4.81,0.79,6.00,5.00,47.07,9.41,0.29,0.21
Jakobi Meyers,0,23,13,1,38,23,334,14.5,0,16,35,1.8,25.7,0.61,8.8,0,0,0,0,0,0,0,0,23,14.5,334,1.36,6.86,5.05,0.00,16.43,9.86,148.64,15.08,0.71,0.07
James White,15.2,27,13,1,87,65,588,9,4,29,59,5,45.2,0.75,6.8,62,254,1,14,32,4.1,19.5,4.8,127,6.6,842,24.64,118.43,4.81,0.79,6.00,5.00,47.07,9.41,0.29,0.21
Julian Edelman,2.9,33,14,12,140,92,1019,11.1,6,50,44,6.6,72.8,0.66,7.3,8,27,0,2,9,3.4,1.9,0.6,100,10.5,1046,1.36,6.86,5.05,0.00,16.43,9.86,148.64,15.08,0.71,0.07
Matt LaCosse,5.2,27,9,6,18,12,123,10.3,0,5,24,1.3,13.7,0.67,6.8,0,0,0,0,0,0,0,0,12,10.3,123,0.14,0.50,3.50,0.00,5.57,4.07,48.79,11.98,0.29,0.07
Phillip Dorsett,0,26,12,4,50,28,347,12.4,5,16,58,2.3,28.9,0.56,6.9,3,21,0,1,9,7,1.8,0.3,31,11.9,368,1.36,6.86,5.05,0.00,16.43,9.86,148.64,15.08,0.71,0.07
Rex Burkhead,13.9,29,11,1,33,22,196,8.9,0,7,32,2,17.8,0.67,5.9,54,234,2,13,33,4.3,21.3,4.9,76,5.7,430,24.64,118.43,4.81,0.79,6.00,5.00,47.07,9.41,0.29,0.21
Sony Michel,11.3,24,14,12,18,11,89,8.1,0,7,19,0.8,6.4,0.61,4.9,208,742,6,46,26,3.6,53,14.9,219,3.8,831,24.64,118.43,4.81,0.79,6.00,5.00,47.07,9.41,0.29,0.21
Bennie Fowler,0,28,8,2,36,23,193,8.4,0,12,17,2.9,24.1,0.64,5.4,1,20,0,1,20,20,2.5,0.1,24,8.9,213,0.43,1.50,3.50,0.00,19.64,11.71,172.71,14.74,1.79,0.00
Cody Core,0,25,14,0,5,3,28,9.3,0,2,11,0.2,2,0.6,5.6,0,0,0,0,0,0,0,0,3,9.3,28,0.43,1.50,3.50,0.00,19.64,11.71,172.71,14.74,1.79,0.00
Cody Latimer,3.1,27,13,9,32,17,244,14.4,1,15,43,1.3,18.8,0.53,7.6,0,0,0,0,0,0,0,0,17,14.4,244,0.43,1.50,3.50,0.00,19.64,11.71,172.71,14.74,1.79,0.00
Darius Slayton,11.1,22,12,8,73,44,690,15.7,8,31,55,3.7,57.5,0.6,9.5,0,0,0,0,0,0,0,0,44,15.7,690,0.43,1.50,3.50,0.00,19.64,11.71,172.71,14.74,1.79,0.00
Elijhaa Penny,-0.2,26,14,1,4,2,9,4.5,0,0,9,0.1,0.6,0.5,2.3,15,39,0,2,6,2.6,2.8,1.1,17,2.8,48,27.50,125.93,4.58,0.79,5.43,4.57,39.64,8.67,0.36,0.07
Golden Tate,12.1,31,9,9,66,38,512,13.5,5,22,64,4.2,56.9,0.58,7.8,1,16,0,1,16,16,1.8,0.1,39,13.5,528,0.43,1.50,3.50,0.00,19.64,11.71,172.71,14.74,1.79,0.00
Javorius Allen,8.8,28,8,0,0,0,0,0,0,0,0,0,0,0,0,9,32,1,2,19,3.6,4,1.1,9,3.6,32,27.50,125.93,4.58,0.79,5.43,4.57,39.64,8.67,0.36,0.07
Jon Hilliman,0,24,3,1,4,3,1,0.3,0,0,5,1,0.3,0.75,0.3,30,91,0,6,10,3,30.3,10,33,2.8,92,27.50,125.93,4.58,0.79,5.43,4.57,39.64,8.67,0.36,0.07
Kaden Smith,6.8,22,7,4,23,17,135,7.9,1,5,32,2.4,19.3,0.74,5.9,0,0,0,0,0,0,0,0,17,7.9,135,0.00,0.00,0.00,0.00,6.79,4.79,54.50,11.39,0.21,0.00
Saquon Barkley,30.3,22,11,11,65,45,323,7.2,1,11,65,4.1,29.4,0.69,5,178,722,4,36,59,4.1,65.6,16.2,223,4.7,1045,27.50,125.93,4.58,0.79,5.43,4.57,39.64,8.67,0.36,0.07
Scott Simonson,1.1,27,4,1,2,2,11,5.5,0,1,10,0.5,2.8,1,5.5,0,0,0,0,0,0,0,0,2,5.5,11,0.00,0.00,0.00,0.00,6.79,4.79,54.50,11.39,0.21,0.00
Sterling Shepard,20.1,26,8,8,67,46,461,10,2,24,36,5.8,57.6,0.69,6.9,6,72,0,3,23,12,9,0.8,52,10.3,533,0.43,1.50,3.50,0.00,19.64,11.71,172.71,14.74,1.79,0.00
T.J. Jones,0,27,3,0,4,3,38,12.7,1,2,28,1,12.7,0.75,9.5,0,0,0,0,0,0,0,0,3,12.7,38,0.43,1.50,3.50,0.00,19.64,11.71,172.71,14.74,1.79,0.00
Braxton Berrios,0,24,14,0,11,5,104,20.8,0,2,69,0.4,7.4,0.46,9.5,0,0,0,0,0,0,0,0,5,20.8,104,0.50,4.00,8.00,0.00,22.86,13.43,169.29,12.61,0.71,0.29
Daniel Brown,1.4,27,14,3,6,4,40,10,1,3,20,0.3,2.9,0.67,6.7,0,0,0,0,0,0,0,0,4,10,40,0.07,-0.21,-3.00,0.00,5.21,3.36,37.50,11.17,0.14,0.00
Jamison Crowder,27,26,14,10,104,66,707,10.7,5,34,41,4.7,50.5,0.64,6.8,1,4,0,0,4,4,0.3,0.1,67,10.6,711,0.50,4.00,8.00,0.00,22.86,13.43,169.29,12.61,0.71,0.29
Josh Adams,0,23,3,0,0,0,0,0,0,0,0,0,0,0,0,8,12,0,1,10,1.5,4,2.7,8,1.5,12,18.43,83.14,4.51,0.71,4.93,3.86,28.64,7.43,0.07,0.07
LeVeon Bell,10.8,27,13,13,69,57,404,7.1,1,19,23,4.4,31.1,0.83,5.9,204,676,3,28,19,3.3,52,15.7,261,4.1,1080,18.43,83.14,4.51,0.71,4.93,3.86,28.64,7.43,0.07,0.07
Robby Anderson,12.6,26,14,13,85,47,729,15.5,4,33,92,3.4,52.1,0.55,8.6,1,4,0,0,4,4,0.3,0.1,48,15.3,733,0.50,4.00,8.00,0.00,22.86,13.43,169.29,12.61,0.71,0.29
Trevon Wesco,0,24,14,1,1,1,15,15,0,1,15,0.1,1.1,1,15,1,2,0,1,2,2,0.1,0.1,2,8.5,17,0.07,-0.21,-3.00,0.00,5.21,3.36,37.50,11.17,0.14,0.00
Ty Montgomery,2,26,14,2,16,12,89,7.4,0,3,21,0.9,6.4,0.75,5.6,30,96,0,1,15,3.2,6.9,2.1,42,4.4,185,0.50,4.00,8.00,0.00,22.86,13.43,169.29,12.61,0.71,0.29
Vyncint Smith,7,23,11,2,23,11,157,14.3,0,7,37,1,14.3,0.48,6.8,2,32,1,2,19,16,2.9,0.2,13,14.5,189,0.50,4.00,8.00,0.00,22.86,13.43,169.29,12.61,0.71,0.29
Alec Ingold,5.2,23,14,4,6,6,44,7.3,1,4,14,0.4,3.1,1,7.3,9,17,0,7,4,1.9,1.2,0.6,15,4.1,61,22.43,118.93,5.30,1.00,6.21,5.00,47.21,9.44,0.21,0.14
Darren Waller,20.2,27,14,14,103,80,1001,12.5,3,48,48,5.7,71.5,0.78,9.7,2,5,0,0,7,2.5,0.4,0.1,82,12.3,1006,0.07,0.29,4.00,0.00,5.71,4.00,49.00,12.25,0.50,0.00
DeAndre Washington,4.2,26,14,1,29,26,216,8.3,0,7,28,1.9,15.4,0.9,7.4,68,225,2,15,14,3.3,16.1,4.9,94,4.7,441,22.43,118.93,5.30,1.00,6.21,5.00,47.21,9.44,0.21,0.14
Derek Carrier,1.5,29,14,4,16,10,92,9.2,1,4,25,0.7,6.6,0.63,5.8,1,27,0,1,27,27,1.9,0.1,11,10.8,119,0.07,0.29,4.00,0.00,5.71,4.00,49.00,12.25,0.50,0.00
Jalen Richard,5.6,26,14,0,37,30,266,8.9,0,12,31,2.1,19,0.81,7.2,31,114,0,9,13,3.7,8.1,2.2,61,6.2,380,22.43,118.93,5.30,1.00,6.21,5.00,47.21,9.44,0.21,0.14
JJ Nelson,0,27,2,1,5,4,36,9,1,1,29,2,18,0.8,7.2,0,0,0,0,0,0,0,0,4,9,36,0.71,5.14,7.20,0.00,18.36,11.14,156.71,14.06,0.71,0.07
Josh Jacobs,12.9,21,13,13,27,20,166,8.3,0,8,28,1.5,12.8,0.74,6.1,242,1150,7,53,51,4.8,88.5,18.6,262,5,1316,22.43,118.93,5.30,1.00,6.21,5.00,47.21,9.44,0.21,0.14
Keelan Doss,2.7,23,8,2,14,11,133,12.1,0,6,31,1.4,16.6,0.79,9.5,0,0,0,0,0,0,0,0,11,12.1,133,0.71,5.14,7.20,0.00,18.36,11.14,156.71,14.06,0.71,0.07
Marcell Ateman,0,25,9,0,3,2,70,35,0,2,36,0.2,7.8,0.67,23.3,0,0,0,0,0,0,0,0,2,35,70,0.71,5.14,7.20,0.00,18.36,11.14,156.71,14.06,0.71,0.07
Rico Gafford,0,23,2,1,1,1,49,49,1,1,49,0.5,24.5,1,49,0,0,0,0,0,0,0,0,1,49,49,0.71,5.14,7.20,0.00,18.36,11.14,156.71,14.06,0.71,0.07
Tyrell Williams,12.5,27,12,10,60,38,569,15,6,30,46,3.2,47.4,0.63,9.5,0,0,0,0,0,0,0,0,38,15,569,0.71,5.14,7.20,0.00,18.36,11.14,156.71,14.06,0.71,0.07
Boston Scott,13.5,24,9,2,14,14,113,8.1,0,6,17,1.6,12.6,1,8.1,39,179,2,12,25,4.6,19.9,4.3,53,5.5,292,26.07,114.36,4.39,0.64,8.00,6.21,50.50,8.13,0.21,0.21
Dallas Goedert,10.5,24,13,7,65,45,451,10,4,24,28,3.5,34.7,0.69,6.9,0,0,0,0,0,0,0,0,45,10,451,0.14,0.00,0.00,0.00,7.64,5.43,58.86,10.84,0.50,0.00
Greg Ward,19.1,24,5,1,28,18,140,7.8,1,10,13,3.6,28,0.64,5,0,0,0,0,0,0,0,0,18,7.8,140,0.71,3.86,5.40,0.07,16.14,11.21,136.21,12.15,1.14,0.14
Jay Ajayi,0,26,3,0,1,0,0,0,0,0,0,0,0,0,0,10,30,0,3,11,3,10,3.3,10,3,30,26.07,114.36,4.39,0.64,8.00,6.21,50.50,8.13,0.21,0.21
JJ Arcega-Whiteside,0,23,14,4,20,8,130,16.3,1,5,30,0.6,9.3,0.4,6.5,0,0,0,0,0,0,0,0,8,16.3,130,0.71,3.86,5.40,0.07,16.14,11.21,136.21,12.15,1.14,0.14
Joshua Perkins,0,26,3,0,5,5,37,7.4,0,3,13,1.7,12.3,1,7.4,0,0,0,0,0,0,0,0,5,7.4,37,0.14,0.00,0.00,0.00,7.64,5.43,58.86,10.84,0.50,0.00
Miles Sanders,35.2,22,14,9,52,42,433,10.3,3,16,45,3,30.9,0.81,8.3,150,687,2,24,65,4.6,49.1,10.7,192,5.8,1120,26.07,114.36,4.39,0.64,8.00,6.21,50.50,8.13,0.21,0.21
Zach Ertz,17.1,29,14,14,129,84,888,10.6,6,48,30,6,63.4,0.65,6.9,0,0,0,0,0,0,0,0,84,10.6,888,0.14,0.00,0.00,0.00,7.64,5.43,58.86,10.84,0.50,0.00
Benny Snell,0.1,21,11,1,4,3,23,7.7,0,0,14,0.3,2.1,0.75,5.8,83,321,1,15,23,3.9,29.2,7.5,86,4,344,19.36,87.00,4.49,0.57,7.21,5.21,37.79,7.25,0.21,0.07
Diontae Johnson,9.2,23,14,10,76,47,545,11.6,4,25,45,3.4,38.9,0.62,7.2,4,41,0,2,17,10.3,2.9,0.3,51,11.5,586,0.43,3.36,7.83,0.07,20.86,12.36,135.86,10.99,0.43,0.43
James Conner,15.1,24,9,9,38,34,251,7.4,3,14,26,3.8,27.9,0.9,6.6,110,432,4,24,25,3.9,48,12.2,144,4.7,683,19.36,87.00,4.49,0.57,7.21,5.21,37.79,7.25,0.21,0.07
James Washington,13.3,23,13,8,69,39,694,17.8,3,29,79,3,53.4,0.57,10.1,0,0,0,0,0,0,0,0,39,17.8,694,0.43,3.36,7.83,0.07,20.86,12.36,135.86,10.99,0.43,0.43
Jaylen Samuels,1.4,23,12,4,49,42,257,6.1,1,17,18,3.5,21.4,0.86,5.2,63,168,1,9,13,2.7,14,5.3,105,4,425,19.36,87.00,4.49,0.57,7.21,5.21,37.79,7.25,0.21,0.07
Johnny Holton,1.9,28,14,3,15,3,21,7,0,1,18,0.2,1.5,0.2,1.4,1,9,0,1,9,9,0.6,0.1,4,7.5,30,0.43,3.36,7.83,0.07,20.86,12.36,135.86,10.99,0.43,0.43
Kerrith Whyte,0.5,23,4,0,1,1,9,9,0,1,9,0.3,2.3,1,9,16,99,0,4,21,6.2,24.8,4,17,6.4,108,19.36,87.00,4.49,0.57,7.21,5.21,37.79,7.25,0.21,0.07
Tevin Jones,0,27,5,0,10,4,61,15.3,0,1,28,0.8,12.2,0.4,6.1,0,0,0,0,0,0,0,0,4,15.3,61,0.43,3.36,7.83,0.07,20.86,12.36,135.86,10.99,0.43,0.43
Tony Brooks-James,0,25,3,0,0,0,0,0,0,0,0,0,0,0,0,8,7,0,0,8,0.9,2.3,2.7,8,0.9,7,19.36,87.00,4.49,0.57,7.21,5.21,37.79,7.25,0.21,0.07
Trey Edmunds,0,25,9,0,7,6,48,8,0,2,11,0.7,5.3,0.86,6.9,22,92,0,2,45,4.2,10.2,2.4,28,5,140,19.36,87.00,4.49,0.57,7.21,5.21,37.79,7.25,0.21,0.07
C.J. Prosise,3.5,25,8,0,12,10,76,7.6,0,3,21,1.3,9.5,0.83,6.3,19,58,1,4,17,3.1,7.3,2.4,29,4.6,134,23.21,123.29,5.31,1.64,5.21,3.86,24.57,6.37,0.21,0.07
Chris Carson,26.7,25,14,14,46,36,246,6.8,2,9,21,2.6,17.6,0.78,5.3,270,1190,7,73,59,4.4,85,19.3,306,4.7,1436,23.21,123.29,5.31,1.64,5.21,3.86,24.57,6.37,0.21,0.07
D.K. Metcalf,11.6,22,14,13,87,52,819,15.8,6,33,54,3.7,58.5,0.6,9.4,2,11,0,0,7,5.5,0.8,0.1,54,15.4,830,0.43,3.64,8.50,0.07,22.86,15.07,189.79,12.59,0.86,0.07
David Moore,0,24,12,1,30,14,250,17.9,2,12,60,1.2,20.8,0.47,8.3,2,6,0,0,4,3,0.5,0.2,16,16,256,0.43,3.64,8.50,0.07,22.86,15.07,189.79,12.59,0.86,0.07
Jacob Hollister,5.3,26,9,2,45,32,260,8.1,3,11,22,3.6,28.9,0.71,5.8,0,0,0,0,0,0,0,0,32,8.1,260,0.00,0.00,0.00,0.00,4.93,3.36,43.57,12.98,0.21,0.00
Jaron Brown,1.9,29,12,4,26,16,220,13.8,2,10,48,1.3,18.3,0.62,8.5,0,0,0,0,0,0,0,0,16,13.8,220,0.43,3.64,8.50,0.07,22.86,15.07,189.79,12.59,0.86,0.07
Malik Turner,5.6,23,14,2,19,14,222,15.9,1,9,33,1,15.9,0.74,11.7,0,0,0,0,0,0,0,0,14,15.9,222,0.43,3.64,8.50,0.07,22.86,15.07,189.79,12.59,0.86,0.07
Nick Bellore,0,30,12,1,1,1,20,20,0,1,20,0.1,1.7,1,20,0,0,0,0,0,0,0,0,1,20,20,23.21,123.29,5.31,1.64,5.21,3.86,24.57,6.37,0.21,0.07
Travis Homer,0.7,21,14,0,0,0,0,0,0,0,0,0,0,0,0,3,36,0,2,29,12,2.6,0.2,3,12,36,23.21,123.29,5.31,1.64,5.21,3.86,24.57,6.37,0.21,0.07
Tyler Lockett,26,27,14,14,96,75,994,13.3,7,48,44,5.4,71,0.78,10.4,4,-5,0,0,3,-1.3,-0.4,0.3,79,12.5,989,0.43,3.64,8.50,0.07,22.86,15.07,189.79,12.59,0.86,0.07
Dante Pettis,0,24,11,4,24,11,109,9.9,2,7,21,1,9.9,0.46,4.5,0,0,0,0,0,0,0,0,11,9.9,109,0.71,2.71,3.80,0.00,17.57,12.29,169.43,13.79,1.00,0.14
Deebo Samuel,4.7,23,13,9,70,48,669,13.9,3,27,42,3.7,51.5,0.69,9.6,9,98,1,3,31,10.9,7.5,0.7,57,13.5,767,0.71,2.71,3.80,0.00,17.57,12.29,169.43,13.79,1.00,0.14
George Kittle,26.4,26,12,12,92,73,888,12.2,4,43,61,6.1,74,0.79,9.7,4,15,0,1,18,3.8,1.3,0.3,77,11.7,903,0.00,0.00,0.00,0.00,7.71,5.00,56.79,11.36,0.36,0.00
Jeff Wilson,0,24,10,0,5,3,34,11.3,1,1,25,0.3,3.4,0.6,6.8,27,105,4,9,25,3.9,10.5,2.7,30,4.6,139,22.00,89.21,4.06,0.57,7.21,5.50,38.71,7.04,0.29,0.21
Kendrick Bourne,2.1,24,14,0,41,28,329,11.8,5,21,30,2,23.5,0.68,8,0,0,0,0,0,0,0,0,28,11.8,329,0.71,2.71,3.80,0.00,17.57,12.29,169.43,13.79,1.00,0.14
Kyle Juszczyk,8.7,28,10,10,21,18,167,9.3,1,9,27,1.8,16.7,0.86,8,3,7,0,1,6,2.3,0.7,0.3,21,8.3,174,22.00,89.21,4.06,0.57,7.21,5.50,38.71,7.04,0.29,0.21
Levine Toilolo,0,28,11,0,2,2,10,5,0,0,8,0.2,0.9,1,5,0,0,0,0,0,0,0,0,2,5,10,0.00,0.00,0.00,0.00,7.71,5.00,56.79,11.36,0.36,0.00
Matt Breida,1.7,24,11,5,21,19,120,6.3,1,6,17,1.7,10.9,0.91,5.7,119,607,1,23,83,5.1,55.2,10.8,138,5.3,727,22.00,89.21,4.06,0.57,7.21,5.50,38.71,7.04,0.29,0.21
Raheem Mostert,10.9,27,14,0,19,13,164,12.6,2,6,39,0.9,11.7,0.68,8.6,116,662,5,26,41,5.7,47.3,8.3,129,6.4,826,22.00,89.21,4.06,0.57,7.21,5.50,38.71,7.04,0.29,0.21
Richie James,0,24,14,1,10,6,165,27.5,1,5,57,0.4,11.8,0.6,16.5,2,-1,0,0,0,-0.5,-0.1,0.1,8,20.5,164,0.71,2.71,3.80,0.00,17.57,12.29,169.43,13.79,1.00,0.14
Ross Dwelley,0,24,14,6,21,14,66,4.7,2,7,11,1,4.7,0.67,3.1,0,0,0,0,0,0,0,0,14,4.7,66,0.00,0.00,0.00,0.00,7.71,5.00,56.79,11.36,0.36,0.00
Tevin Coleman,4,26,12,9,28,20,173,8.7,1,9,37,1.7,14.4,0.71,6.2,127,500,6,24,48,3.9,41.7,10.6,147,4.6,673,22.00,89.21,4.06,0.57,7.21,5.50,38.71,7.04,0.29,0.21
Bobo Wilson,0,24,6,1,11,3,35,11.7,0,2,14,0.5,5.8,0.27,3.2,0,0,0,0,0,0,0,0,3,11.7,35,0.36,1.86,5.20,0.00,22.43,13.57,191.21,14.09,1.21,0.29
Breshad Perriman,34.6,26,12,2,49,24,409,17,5,20,44,2,34.1,0.49,8.3,2,16,0,1,13,8,1.3,0.2,26,16.3,425,0.36,1.86,5.20,0.00,22.43,13.57,191.21,14.09,1.21,0.29
Cameron Brate,6.3,28,14,6,47,33,292,8.8,3,19,37,2.4,20.9,0.7,6.2,0,0,0,0,0,0,0,0,33,8.8,292,0.07,1.93,27.00,0.00,6.64,4.57,53.50,11.70,0.36,0.00
Chris Godwin,17.1,23,14,14,120,86,1333,15.5,9,63,71,6.1,95.2,0.72,11.1,1,8,0,0,8,8,0.6,0.1,87,15.4,1341,0.36,1.86,5.20,0.00,22.43,13.57,191.21,14.09,1.21,0.29
Dare Ogunbowale,2.6,25,14,0,41,32,252,7.9,0,12,21,2.3,18,0.78,6.1,10,13,2,3,12,1.3,0.9,0.7,42,6.3,265,24.07,95.79,3.98,0.79,6.93,5.21,56.86,10.90,0.57,0.36
Justin Watson,3.7,24,14,0,12,8,89,11.1,1,6,17,0.6,6.4,0.67,7.4,0,0,0,0,0,0,0,0,8,11.1,89,0.36,1.86,5.20,0.00,22.43,13.57,191.21,14.09,1.21,0.29
O.J. Howard,8.6,25,12,12,47,31,413,13.3,1,21,33,2.6,34.4,0.66,8.8,0,0,0,0,0,0,0,0,31,13.3,413,0.07,1.93,27.00,0.00,6.64,4.57,53.50,11.70,0.36,0.00
Peyton Barber,6,25,14,7,20,14,90,6.4,1,3,16,1,6.4,0.7,4.5,143,447,6,23,17,3.1,31.9,10.2,157,3.4,537,24.07,95.79,3.98,0.79,6.93,5.21,56.86,10.90,0.57,0.36
Ronald Jones,5.9,22,14,7,34,26,267,10.3,0,11,41,1.9,19.1,0.77,7.9,147,541,5,27,25,3.7,38.6,10.5,173,4.7,808,24.07,95.79,3.98,0.79,6.93,5.21,56.86,10.90,0.57,0.36
Scott Miller,13.9,22,10,2,26,13,200,15.4,1,5,48,1.3,20,0.5,7.7,2,16,0,1,18,8,1.6,0.2,15,14.4,216,0.36,1.86,5.20,0.00,22.43,13.57,191.21,14.09,1.21,0.29
Tanner Hudson,2.4,25,8,1,4,2,26,13,0,1,14,0.3,3.3,0.5,6.5,0,0,0,0,0,0,0,0,2,13,26,0.07,1.93,27.00,0.00,6.64,4.57,53.50,11.70,0.36,0.00
A.J. Brown,25.4,22,14,9,74,47,893,19,7,35,91,3.4,63.8,0.64,12.1,2,11,0,1,13,5.5,0.8,0.1,49,18.4,904,0.43,0.07,0.17,0.00,20.29,12.14,163.64,13.48,1.14,0.00
Anthony Firkser,1.7,24,13,1,21,13,199,15.3,1,9,39,1,15.3,0.62,9.5,0,0,0,0,0,0,0,0,13,15.3,199,0.07,4.07,57.00,0.00,7.14,4.86,58.29,12.00,0.36,0.00
Cody Hollister,0,26,4,0,2,2,13,6.5,0,0,11,0.5,3.3,1,6.5,0,0,0,0,0,0,0,0,2,6.5,13,0.43,0.07,0.17,0.00,20.29,12.14,163.64,13.48,1.14,0.00
Corey Davis,8.7,24,13,9,60,36,517,14.4,2,26,38,2.8,39.8,0.6,8.6,0,0,0,0,0,0,0,0,36,14.4,517,0.43,0.07,0.17,0.00,20.29,12.14,163.64,13.48,1.14,0.00
Dalyn Dawkins,0,25,1,0,0,0,0,0,0,0,0,0,0,0,0,2,2,0,0,1,1,2,2,2,1,2,20.79,90.93,4.37,0.36,8.00,6.93,58.43,8.43,0.57,0.00
Darius Jennings,0,27,7,0,5,2,17,8.5,0,2,11,0.3,2.4,0.4,3.4,0,0,0,0,0,0,0,0,2,8.5,17,0.43,0.07,0.17,0.00,20.29,12.14,163.64,13.48,1.14,0.00
Derrick Henry,8.6,25,14,14,24,18,206,11.4,2,4,75,1.3,14.7,0.75,8.6,271,1329,13,61,74,4.9,94.9,19.4,289,5.3,1535,20.79,90.93,4.37,0.36,8.00,6.93,58.43,8.43,0.57,0.00
Dion Lewis,9.1,29,14,0,30,24,145,6,1,6,24,1.7,10.4,0.8,4.8,38,134,0,5,15,3.5,9.6,2.7,62,4.5,279,20.79,90.93,4.37,0.36,8.00,6.93,58.43,8.43,0.57,0.00
Jonnu Smith,16.7,24,14,13,40,32,376,11.8,2,14,57,2.3,26.9,0.8,9.4,3,71,0,2,57,23.7,5.1,0.2,35,12.8,447,0.07,4.07,57.00,0.00,7.14,4.86,58.29,12.00,0.36,0.00
Kalif Raymond,1.2,25,7,1,10,7,138,19.7,1,6,52,1,19.7,0.7,13.8,1,-5,0,0,-5,-5,-0.7,0.1,8,16.6,133,0.43,0.07,0.17,0.00,20.29,12.14,163.64,13.48,1.14,0.00
Khari Blasingame,1,23,4,1,3,3,47,15.7,0,2,24,0.8,11.8,1,15.7,0,0,0,0,0,0,0,0,3,15.7,47,20.79,90.93,4.37,0.36,8.00,6.93,58.43,8.43,0.57,0.00
MyCole Pruitt,0,27,14,9,4,2,62,31,0,2,42,0.1,4.4,0.5,15.5,0,0,0,0,0,0,0,0,2,31,62,0.07,4.07,57.00,0.00,7.14,4.86,58.29,12.00,0.36,0.00
Tajae Sharpe,4.8,25,13,6,27,19,247,13,2,15,47,1.5,19,0.7,9.1,0,0,0,0,0,0,0,0,19,13,247,0.43,0.07,0.17,0.00,20.29,12.14,163.64,13.48,1.14,0.00
Adrian Peterson,18.1,34,13,13,17,14,123,8.8,0,7,22,1.1,9.5,0.82,7.2,183,784,4,36,29,4.3,60.3,14.1,197,4.6,907,19.00,69.29,3.65,0.64,7.50,5.43,41.00,7.55,0.07,0.07
Chris Thompson,4.6,29,9,0,51,37,360,9.7,0,14,39,4.1,40,0.73,7.1,26,93,0,3,12,3.6,10.3,2.9,63,7.2,453,19.00,69.29,3.65,0.64,7.50,5.43,41.00,7.55,0.07,0.07
Hale Hentges,0,23,9,3,5,2,13,6.5,0,1,13,0.2,1.4,0.4,2.6,0,0,0,0,0,0,0,0,2,6.5,13,0.00,0.00,0.00,0.00,5.71,3.86,39.64,10.28,0.29,0.07
Jeremy Sprinkle,3.3,25,14,11,31,21,209,10,1,11,23,1.5,14.9,0.68,6.7,0,0,0,0,0,0,0,0,21,10,209,0.00,0.00,0.00,0.00,5.71,3.86,39.64,10.28,0.29,0.07
Kelvin Harmon,4.2,23,14,7,33,22,274,12.5,0,12,30,1.6,19.6,0.67,8.3,0,0,0,0,0,0,0,0,22,12.5,274,0.79,8.21,10.45,0.14,19.57,11.71,174.29,14.88,1.43,0.00
Steven Sims,15.5,22,14,1,38,23,165,7.2,1,11,19,1.6,11.8,0.61,4.3,6,82,1,1,65,13.7,5.9,0.4,29,8.5,247,0.79,8.21,10.45,0.14,19.57,11.71,174.29,14.88,1.43,0.00
Terry McLaurin,24,23,13,13,84,51,833,16.3,7,40,75,3.9,64.1,0.61,9.9,0,0,0,0,0,0,0,0,51,16.3,833,0.79,8.21,10.45,0.14,19.57,11.71,174.29,14.88,1.43,0.00
Wendell Smallwood,0,25,13,0,13,9,64,7.1,0,4,18,0.7,4.9,0.69,4.9,19,76,0,4,17,4,5.8,1.5,28,5,140,19.00,69.29,3.65,0.64,7.50,5.43,41.00,7.55,0.07,0.07
