Player,Tm,Age,Pos,G,GS,Tgt,Rec,Yds,Y/R,TD,1D,Lng,R/G,Y/G,Ctch%,Y/Tgt,Att,Yds,TD,1D,Lng,Y/A,Y/G,A/G,Touch,Y/Tch,YScm,RRTD,Fmb
Dan Arnold,ARI,24,TE,3,0,5,3,31,10.3,1,2,19,1,10.3,0.6,6.2,0,0,0,0,0,0,0,0,3,10.3,31,1,0
Deon Cain,PIT,23,WR,11,6,18,7,114,16.3,0,6,35,0.6,10.4,0.39,6.3,0,0,0,0,0,0,0,0,7,16.3,114,0,0
Dontrelle Inman,IND,30,WR,5,1,16,10,157,15.7,0,8,28,2,31.4,0.63,9.8,0,0,0,0,0,0,0,0,10,15.7,157,0,0
Emmanuel Sanders,SFO,32,WR,15,14,87,60,783,13.1,5,37,75,4,52.2,0.69,9,0,0,0,0,0,0,0,0,60,13.1,783,5,0
J.P. Holtz,CHI,26,TE,13,5,7,6,78,13,0,3,30,0.5,6,0.86,11.1,0,0,0,0,0,0,0,0,6,13,78,0,0
Jordan Matthews,PHI,27,WR,3,1,12,4,33,8.3,0,1,10,1.3,11,0.33,2.8,0,0,0,0,0,0,0,0,4,8.3,33,0,0
Kenyan Drake,ARI,25,RB,12,8,60,44,304,6.9,0,14,26,3.7,25.3,0.73,5.1,134,591,5,37,36,4.4,49.3,11.2,178,5,895,5,2
Mack Hollins,MIA,26,WR,14,3,23,10,125,12.5,0,7,20,0.7,8.9,0.44,5.4,0,0,0,0,0,0,0,0,10,12.5,125,0,0
Mike Davis,CAR,26,RB,10,1,8,7,22,3.1,0,1,7,0.7,2.2,0.88,2.8,11,25,0,0,8,2.3,2.5,1.1,18,2.6,47,0,0
Mohamed Sanu,NWE,30,WR,13,10,79,53,461,8.7,2,27,28,4.1,35.5,0.67,5.8,3,11,0,1,8,3.7,0.8,0.2,56,8.4,472,2,0
Nick Vannett,PIT,26,TE,14,7,21,16,148,9.3,0,4,17,1.1,10.6,0.76,7,0,0,0,0,0,0,0,0,16,9.3,148,0,0
Pharoh Cooper,ARI,24,WR,11,1,29,22,205,9.3,1,8,28,2,18.6,0.76,7.1,1,2,0,0,2,2,0.2,0.1,23,9,207,1,0
Robert Davis,PHI,24,WR,4,2,2,1,11,11,0,1,11,0.3,2.8,0.5,5.5,0,0,0,0,0,0,0,0,1,11,11,0,0
Zay Jones,OAK,24,WR,13,7,40,22,181,8.2,0,9,23,1.7,13.9,0.55,4.5,1,3,0,0,3,3,0.2,0.1,23,8,184,0,0
Eric Tomlinson,OAK,27,TE,6,3,1,1,1,1,0,0,1,0.2,0.2,1,1,0,0,0,0,0,0,0,0,1,1,1,0,0
Trevor Davis,MIA,26,WR,12,4,11,8,111,13.9,0,4,28,0.7,9.3,0.73,10.1,4,73,1,2,60,18.3,6.1,0.3,12,15.3,184,1,2
Alfred Morris,ARI,31,RB,1,0,0,0,0,0,0,0,0,0,0,0,0,1,4,0,1,4,4,4,1,1,4,4,0,0
Andy Isabella,ARI,23,wr,13,1,13,9,189,21,1,4,88,0.7,14.5,0.69,14.5,4,15,0,0,6,3.8,1.2,0.3,13,15.7,204,1,0
Charles Clay,ARI,30,TE,14,9,23,17,221,13,1,11,47,1.2,15.8,0.74,9.6,0,0,0,0,0,0,0,0,17,13,221,1,0
Chase Edmonds,ARI,23,rb,11,2,21,12,105,8.8,1,5,31,1.1,9.5,0.57,5,59,304,4,12,37,5.2,27.6,5.4,71,5.8,409,5,0
Christian Kirk,ARI,23,WR,11,11,93,61,649,10.6,3,29,69,5.5,59,0.66,7,7,78,0,3,28,11.1,7.1,0.6,68,10.7,727,3,0
Damiere Byrd,ARI,26,wr,9,3,37,24,274,11.4,0,11,58,2.7,30.4,0.65,7.4,0,0,0,0,0,0,0,0,24,11.4,274,0,0
Darrell Daniels,ARI,25,TE,10,0,2,1,4,4,0,1,4,0.1,0.4,0.5,2,0,0,0,0,0,0,0,0,1,4,4,0,0
David Johnson,ARI,28,RB,12,8,46,35,366,10.5,4,17,31,2.9,30.5,0.76,8,92,342,2,20,18,3.7,28.5,7.7,127,5.6,708,6,1
KeeSean Johnson,ARI,23,wr,10,4,42,21,187,8.9,1,10,31,2.1,18.7,0.5,4.5,1,3,0,0,3,3,0.3,0.1,22,8.6,190,1,1
Larry Fitzgerald,ARI,36,WR,14,14,95,67,711,10.6,3,36,54,4.8,50.8,0.71,7.5,0,0,0,0,0,0,0,0,67,10.6,711,3,1
Maxx Williams,ARI,25,TE,14,9,15,12,143,11.9,1,9,21,0.9,10.2,0.8,9.5,0,0,0,0,0,0,0,0,12,11.9,143,1,0
Michael Crabtree,ARI,32,wr,2,1,5,4,22,5.5,0,0,9,2,11,0.8,4.4,0,0,0,0,0,0,0,0,4,5.5,22,0,0
Trent Sherfield,ARI,23,wr,14,1,13,4,80,20,0,4,38,0.3,5.7,0.31,6.2,0,0,0,0,0,0,0,0,4,20,80,0,0
Austin Hooper,ATL,25,TE,11,8,79,61,660,10.8,6,35,35,5.5,60,0.77,8.4,0,0,0,0,0,0,0,0,61,10.8,660,6,0
Brian Hill,ATL,24,rb,10,2,14,10,69,6.9,1,4,12,1,6.9,0.71,4.9,66,236,2,14,27,3.6,23.6,6.6,76,4,305,3,0
Calvin Ridley,ATL,25,WR,13,10,93,63,866,13.7,7,47,36,4.8,66.6,0.68,9.3,2,34,0,2,19,17,2.6,0.2,65,13.8,900,7,0
Christian Blake,ATL,23,wr,7,2,22,11,91,8.3,0,5,13,1.6,13,0.5,4.1,0,0,0,0,0,0,0,0,11,8.3,91,0,0
Devonta Freeman,ATL,27,RB,12,12,56,48,321,6.7,3,11,28,4,26.8,0.86,5.7,153,545,1,25,28,3.6,45.4,12.8,201,4.3,866,4,3
Ito Smith,ATL,24,RB,7,0,14,11,87,7.9,0,2,11,1.6,12.4,0.79,6.2,22,106,1,10,28,4.8,15.1,3.1,33,5.8,193,1,0
Jaeden Graham,ATL,24,TE,14,0,10,9,149,16.6,1,7,53,0.6,10.6,0.9,14.9,0,0,0,0,0,0,0,0,9,16.6,149,1,0
Julio Jones,ATL,30,WR,13,13,129,82,1150,14,6,63,54,6.3,88.5,0.64,8.9,2,-3,0,0,1,-1.5,-0.2,0.2,84,13.7,1147,6,1
Justin Hardy,ATL,28,wr,14,1,22,16,155,9.7,0,7,23,1.1,11.1,0.73,7,0,0,0,0,0,0,0,0,16,9.7,155,0,0
Keith Smith,ATL,27,RB,14,5,2,0,0,0,0,0,0,0,0,0,0,4,9,0,4,3,2.3,0.6,0.3,4,2.3,9,0,0
Kenjon Barner,ATL,29,RB,12,0,8,6,22,3.7,0,1,13,0.5,1.8,0.75,2.8,4,28,0,1,12,7,2.3,0.3,10,5,50,0,3
Luke Stocker,ATL,31,TE,13,8,12,7,43,6.1,0,1,18,0.5,3.3,0.58,3.6,0,0,0,0,0,0,0,0,7,6.1,43,0,1
Olamide Zaccheaus,ATL,22,WR,8,0,3,1,93,93,1,1,93,0.1,11.6,0.33,31,0,0,0,0,0,0,0,0,1,93,93,1,0
Qadree Ollison,ATL,23,RB,6,0,2,1,7,7,0,1,7,0.2,1.2,0.5,3.5,17,38,3,4,6,2.2,6.3,2.8,18,2.5,45,3,1
Russell Gage,ATL,23,wr,14,2,55,37,329,8.9,1,17,19,2.6,23.5,0.67,6,2,5,0,0,6,2.5,0.4,0.1,39,8.6,334,1,1
Chris Moore,BAL,26,wr,12,1,5,3,21,7,0,0,13,0.3,1.8,0.6,4.2,0,0,0,0,0,0,0,0,3,7,21,0,0
Gus Edwards,BAL,24,RB,14,0,5,5,36,7.2,0,1,10,0.4,2.6,1,7.2,100,515,2,34,63,5.2,36.8,7.1,105,5.2,551,2,0
Hayden Hurst,BAL,26,te,14,4,34,27,305,11.3,2,14,61,1.9,21.8,0.79,9,0,0,0,0,0,0,0,0,27,11.3,305,2,0
Justice Hill,BAL,22,RB,14,0,9,4,28,7,0,1,10,0.3,2,0.44,3.1,45,167,0,7,13,3.7,11.9,3.2,49,4,195,0,0
Mark Andrews,BAL,23,te,14,4,89,58,759,13.1,8,40,51,4.1,54.2,0.65,8.5,0,0,0,0,0,0,0,0,58,13.1,759,8,2
Mark Ingram,BAL,30,RB,14,14,27,24,211,8.8,4,14,25,1.7,15.1,0.89,7.8,194,963,10,50,53,5,68.8,13.9,218,5.4,1174,14,2
Marquise Brown,BAL,22,WR,12,9,67,43,563,13.1,7,24,83,3.6,46.9,0.64,8.4,0,0,0,0,0,0,0,0,43,13.1,563,7,0
Miles Boykin,BAL,23,WR,14,10,19,12,190,15.8,3,10,50,0.9,13.6,0.63,10,0,0,0,0,0,0,0,0,12,15.8,190,3,0
Nick Boyle,BAL,26,TE,14,13,37,27,291,10.8,2,12,35,1.9,20.8,0.73,7.9,0,0,0,0,0,0,0,0,27,10.8,291,2,0
Patrick Ricard,BAL,25,RB,14,6,11,8,47,5.9,1,3,10,0.6,3.4,0.73,4.3,0,0,0,0,0,0,0,0,8,5.9,47,1,0
Seth Roberts,BAL,28,WR,14,0,31,19,248,13.1,2,16,33,1.4,17.7,0.61,8,0,0,0,0,0,0,0,0,19,13.1,248,2,0
Willie Snead,BAL,27,WR,14,9,40,28,317,11.3,5,20,50,2,22.6,0.7,7.9,1,2,0,0,2,2,0.1,0.1,29,11,319,5,0
Andre Roberts,BUF,31,WR,12,0,7,3,20,6.7,0,1,7,0.3,1.7,0.43,2.9,1,7,0,0,7,7,0.6,0.1,4,6.8,27,0,1
Cole Beasley,BUF,30,WR,14,10,94,60,670,11.2,6,32,51,4.3,47.9,0.64,7.1,0,0,0,0,0,0,0,0,60,11.2,670,6,0
Dawson Knox,BUF,23,TE,14,10,46,27,355,13.1,2,14,49,1.9,25.4,0.59,7.7,1,9,0,1,9,9,0.6,0.1,28,13,364,2,0
Devin Singletary,BUF,22,RB,11,7,40,28,192,6.9,2,5,49,2.5,17.5,0.7,4.8,136,729,2,35,38,5.4,66.3,12.4,164,5.6,921,4,4
Duke Williams,BUF,26,wr,3,2,7,6,58,9.7,1,4,23,2,19.3,0.86,8.3,0,0,0,0,0,0,0,0,6,9.7,58,1,0
Frank Gore,BUF,36,RB,14,7,12,10,84,8.4,0,4,18,0.7,6,0.83,7,160,573,2,29,41,3.6,40.9,11.4,170,3.9,657,2,0
Isaiah McKenzie,BUF,24,wr,13,6,32,23,236,10.3,1,11,46,1.8,18.2,0.72,7.4,6,19,0,2,10,3.2,1.5,0.5,29,8.8,255,1,0
John Brown,BUF,29,WR,14,14,111,71,1007,14.2,5,52,40,5.1,71.9,0.64,9.1,1,4,0,0,4,4,0.3,0.1,72,14,1011,5,0
Lee Smith,BUF,32,te,14,5,5,4,31,7.8,1,2,9,0.3,2.2,0.8,6.2,0,0,0,0,0,0,0,0,4,7.8,31,1,0
Patrick DiMarco,BUF,30,RB,14,3,7,5,41,8.2,0,1,27,0.4,2.9,0.71,5.9,3,7,0,0,4,2.3,0.5,0.2,8,6,48,0,0
Robert Foster,BUF,25,wr,11,1,13,3,64,21.3,0,3,24,0.3,5.8,0.23,4.9,2,29,0,1,22,14.5,2.6,0.2,5,18.6,93,0,0
T.J. Yeldon,BUF,26,RB,5,0,11,10,100,10,0,5,23,2,20,0.91,9.1,10,45,0,2,11,4.5,9,2,20,7.3,145,0,1
Tommy Sweeney,BUF,24,te,5,1,8,3,38,12.7,0,1,29,0.6,7.6,0.38,4.8,0,0,0,0,0,0,0,0,3,12.7,38,0,0
Tyler Kroft,BUF,27,te,9,2,9,5,66,13.2,1,5,20,0.6,7.3,0.56,7.3,0,0,0,0,0,0,0,0,5,13.2,66,1,0
Alex Armah,CAR,25,RB,14,1,2,2,6,3,0,0,4,0.1,0.4,1,3,6,11,1,1,4,1.8,0.8,0.4,8,2.1,17,1,0
Brandon Zylstra,CAR,26,WR,6,0,3,1,7,7,0,1,7,0.2,1.2,0.33,2.3,0,0,0,0,0,0,0,0,1,7,7,0,1
Chris Hogan,CAR,32,WR,5,0,8,4,37,9.3,0,2,13,0.8,7.4,0.5,4.6,0,0,0,0,0,0,0,0,4,9.3,37,0,0
Chris Manhertz,CAR,27,te,13,5,1,1,11,11,0,1,11,0.1,0.8,1,11,0,0,0,0,0,0,0,0,1,11,11,0,0
Christian McCaffrey,CAR,23,RB,14,14,117,94,814,8.7,4,49,25,6.7,58.1,0.8,7,265,1307,14,51,84,4.9,93.4,18.9,359,5.9,2121,18,1
Curtis Samuel,CAR,23,WR,14,13,97,50,597,11.9,6,34,44,3.6,42.6,0.52,6.2,17,126,1,7,16,7.4,9,1.2,67,10.8,723,7,0
D.J. Moore,CAR,22,WR,14,14,133,86,1174,13.7,4,63,52,6.1,83.9,0.65,8.8,6,40,0,3,13,6.7,2.9,0.4,92,13.2,1214,4,2
DeAndrew White,CAR,28,WR,8,0,1,1,8,8,0,0,8,0.1,1,1,8,0,0,0,0,0,0,0,0,1,8,8,0,0
Greg Olsen,CAR,34,TE,12,12,71,48,552,11.5,2,33,41,4,46,0.68,7.8,0,0,0,0,0,0,0,0,48,11.5,552,2,0
Ian Thomas,CAR,23,te,14,3,23,12,108,9,1,7,19,0.9,7.7,0.52,4.7,0,0,0,0,0,0,0,0,12,9,108,1,0
Jarius Wright,CAR,30,WR,14,8,48,25,267,10.7,0,14,33,1.8,19.1,0.52,5.6,1,-7,0,0,-7,-7,-0.5,0.1,26,10,260,0,0
Jordan Scarlett,CAR,23,RB,9,0,0,0,0,0,0,0,0,0,0,0,0,4,9,0,0,6,2.3,1,0.4,4,2.3,9,0,0
Reggie Bonnafon,CAR,23,RB,14,0,7,4,18,4.5,0,0,7,0.3,1.3,0.57,2.6,12,101,1,2,59,8.4,7.2,0.9,16,7.4,119,1,0
Adam Shaheen,CHI,25,te,8,2,13,9,74,8.2,0,3,18,1.1,9.3,0.69,5.7,0,0,0,0,0,0,0,0,9,8.2,74,0,1
Allen Robinson,CHI,26,WR,14,13,130,83,1023,12.3,7,54,49,5.9,73.1,0.64,7.9,0,0,0,0,0,0,0,0,83,12.3,1023,7,0
Anthony Miller,CHI,25,wr,14,5,82,50,649,13,2,34,35,3.6,46.4,0.61,7.9,1,-1,0,0,-1,-1,-0.1,0.1,51,12.7,648,2,1
Ben Braunecker,CHI,25,te,11,3,11,6,59,9.8,1,5,18,0.5,5.4,0.55,5.4,0,0,0,0,0,0,0,0,6,9.8,59,1,0
Cordarrelle Patterson,CHI,28,wr,14,4,16,10,78,7.8,0,3,33,0.7,5.6,0.63,4.9,14,73,0,2,46,5.2,5.2,1,24,6.3,151,0,0
David Montgomery,CHI,22,RB,14,7,34,24,183,7.6,1,7,30,1.7,13.1,0.71,5.4,206,719,5,39,55,3.5,51.4,14.7,230,3.9,902,6,2
Javon Wims,CHI,25,wr,14,4,23,12,137,11.4,1,5,37,0.9,9.8,0.52,6,0,0,0,0,0,0,0,0,12,11.4,137,1,0
Jesper Horsted,CHI,22,te,4,1,9,7,67,9.6,1,3,18,1.8,16.8,0.78,7.4,0,0,0,0,0,0,0,0,7,9.6,67,1,1
Riley Ridley,CHI,23,WR,3,0,3,3,15,5,0,1,13,1,5,1,5,0,0,0,0,0,0,0,0,3,5,15,0,0
Tarik Cohen,CHI,24,RB,14,10,90,67,387,5.8,3,16,31,4.8,27.6,0.74,4.3,58,185,0,13,13,3.2,13.2,4.1,125,4.6,572,3,3
Taylor Gabriel,CHI,28,WR,9,7,48,29,353,12.2,4,17,53,3.2,39.2,0.6,7.4,3,20,0,1,14,6.7,2.2,0.3,32,11.7,373,4,0
Trey Burton,CHI,28,te,8,5,24,14,84,6,0,5,16,1.8,10.5,0.58,3.5,0,0,0,0,0,0,0,0,14,6,84,0,0
Alex Erickson,CIN,27,wr,14,4,65,36,458,12.7,0,22,52,2.6,32.7,0.55,7,4,28,0,2,17,7,2,0.3,40,12.2,486,0,4
Auden Tate,CIN,22,WR,12,10,80,40,575,14.4,1,29,33,3.3,47.9,0.5,7.2,0,0,0,0,0,0,0,0,40,14.4,575,1,1
C.J. Uzomah,CIN,26,TE,14,14,30,18,180,10,0,8,36,1.3,12.9,0.6,6,0,0,0,0,0,0,0,0,18,10,180,0,0
Cethan Carter,CIN,24,TE,13,0,2,2,13,6.5,1,2,8,0.2,1,1,6.5,0,0,0,0,0,0,0,0,2,6.5,13,1,0
Damion Willis,CIN,22,wr,10,2,16,9,82,9.1,0,3,17,0.9,8.2,0.56,5.1,0,0,0,0,0,0,0,0,9,9.1,82,0,0
Drew Sample,CIN,23,te,9,2,6,5,30,6,0,1,21,0.6,3.3,0.83,5,0,0,0,0,0,0,0,0,5,6,30,0,0
Giovani Bernard,CIN,28,rb,14,2,39,28,222,7.9,0,7,35,2,15.9,0.72,5.7,48,163,0,9,25,3.4,11.6,3.4,76,5.1,385,0,2
Joe Mixon,CIN,23,RB,14,13,42,32,250,7.8,3,12,33,2.3,17.9,0.76,6,231,925,3,49,30,4,66.1,16.5,263,4.5,1175,6,0
John Ross,CIN,25,wr,6,6,38,20,380,19,3,15,66,3.3,63.3,0.53,10,0,0,0,0,0,0,0,0,20,19,380,3,1
Stanley Morgan,CIN,23,WR,10,0,10,3,18,6,0,0,9,0.3,1.8,0.3,1.8,0,0,0,0,0,0,0,0,3,6,18,0,0
Tyler Boyd,CIN,25,WR,14,13,126,76,859,11.3,3,40,47,5.4,61.4,0.6,6.8,4,23,0,1,10,5.8,1.6,0.3,80,11,882,3,2
Tyler Eifert,CIN,29,te,14,4,53,37,345,9.3,2,19,27,2.6,24.6,0.7,6.5,0,0,0,0,0,0,0,0,37,9.3,345,2,0
Antonio Callaway,CLE,22,wr,4,2,15,8,89,11.1,0,3,41,2,22.3,0.53,5.9,0,0,0,0,0,0,0,0,8,11.1,89,0,0
Damion Ratley,CLE,24,wr,11,3,18,10,136,13.6,0,9,29,0.9,12.4,0.56,7.6,0,0,0,0,0,0,0,0,10,13.6,136,0,0
David Njoku,CLE,23,te,3,1,10,5,41,8.2,1,3,18,1.7,13.7,0.5,4.1,0,0,0,0,0,0,0,0,5,8.2,41,1,0
Demetrius Harris,CLE,28,te,13,5,23,14,148,10.6,2,9,23,1.1,11.4,0.61,6.4,0,0,0,0,0,0,0,0,14,10.6,148,2,0
Dontrell Hilliard,CLE,24,RB,13,0,14,11,88,8,0,4,19,0.8,6.8,0.79,6.3,13,49,2,3,11,3.8,3.8,1,24,5.7,137,2,2
Jarvis Landry,CLE,27,WR,14,14,123,74,1018,13.8,5,50,65,5.3,72.7,0.6,8.3,1,10,0,1,10,10,0.7,0.1,75,13.7,1028,5,0
Kareem Hunt,CLE,24,rb,6,2,36,30,220,7.3,1,12,29,5,36.7,0.83,6.1,38,167,2,8,16,4.4,27.8,6.3,68,5.7,387,3,1
KhaDarel Hodge,CLE,24,WR,14,0,6,2,51,25.5,0,2,41,0.1,3.6,0.33,8.5,0,0,0,0,0,0,0,0,2,25.5,51,0,0
Nick Chubb,CLE,24,RB,14,14,46,35,277,7.9,0,13,32,2.5,19.8,0.76,6,270,1408,8,59,88,5.2,100.6,19.3,305,5.5,1685,8,3
Odell Beckham,CLE,27,WR,14,14,121,67,910,13.6,2,38,89,4.8,65,0.55,7.5,3,10,0,1,11,3.3,0.7,0.2,70,13.1,920,2,1
Pharaoh Brown,CLE,25,te,9,6,3,2,27,13.5,0,1,18,0.2,3,0.67,9,0,0,0,0,0,0,0,0,2,13.5,27,0,0
Rashard Higgins,CLE,25,wr,9,1,11,4,55,13.8,1,3,35,0.4,6.1,0.36,5,0,0,0,0,0,0,0,0,4,13.8,55,1,0
Ricky Seals-Jones,CLE,24,te,12,2,20,13,206,15.8,4,9,59,1.1,17.2,0.65,10.3,0,0,0,0,0,0,0,0,13,15.8,206,4,1
Stephen Carlson,CLE,23,te,7,5,6,4,44,11,1,2,21,0.6,6.3,0.67,7.3,0,0,0,0,0,0,0,0,4,11,44,1,0
Amari Cooper,DAL,25,WR,14,14,102,71,1073,15.1,8,50,53,5.1,76.6,0.7,10.5,0,0,0,0,0,0,0,0,71,15.1,1073,8,0
Blake Jarwin,DAL,25,TE,14,7,39,30,351,11.7,3,16,42,2.1,25.1,0.77,9,0,0,0,0,0,0,0,0,30,11.7,351,3,1
Cedrick Wilson,DAL,24,WR,6,0,8,5,46,9.2,0,2,14,0.8,7.7,0.63,5.8,0,0,0,0,0,0,0,0,5,9.2,46,0,0
Dalton Schultz,DAL,23,TE,14,0,1,1,6,6,0,0,6,0.1,0.4,1,6,0,0,0,0,0,0,0,0,1,6,6,0,0
Devin Smith,DAL,27,wr,4,2,9,5,113,22.6,1,4,51,1.3,28.3,0.56,12.6,0,0,0,0,0,0,0,0,5,22.6,113,1,0
Ezekiel Elliott,DAL,24,RB,14,14,59,44,381,8.7,1,19,27,3.1,27.2,0.75,6.5,270,1188,11,69,31,4.4,84.9,19.3,314,5,1569,12,3
Jason Witten,DAL,37,TE,14,14,76,57,491,8.6,4,25,33,4.1,35.1,0.75,6.5,0,0,0,0,0,0,0,0,57,8.6,491,4,1
Michael Gallup,DAL,23,WR,12,10,95,56,911,16.3,3,42,62,4.7,75.9,0.59,9.6,0,0,0,0,0,0,0,0,56,16.3,911,3,0
Randall Cobb,DAL,29,wr,13,5,70,45,674,15,3,33,59,3.5,51.8,0.64,9.6,3,11,0,0,7,3.7,0.8,0.2,48,14.3,685,3,2
Tavon Austin,DAL,29,WR,12,0,20,11,171,15.5,1,8,59,0.9,14.3,0.55,8.6,6,47,1,2,20,7.8,3.9,0.5,17,12.8,218,2,1
Tony Pollard,DAL,22,RB,13,0,18,14,102,7.3,1,4,21,1.1,7.8,0.78,5.7,70,395,2,18,44,5.6,30.4,5.4,84,5.9,497,3,0
Ventell Bryant,DAL,23,WR,10,0,1,1,15,15,1,1,15,0.1,1.5,1,15,0,0,0,0,0,0,0,0,1,15,15,1,0
Andrew Beck,DEN,23,RB,14,4,9,6,81,13.5,0,5,29,0.4,5.8,0.67,9,0,0,0,0,0,0,0,0,6,13.5,81,0,0
Andy Janovich,DEN,26,RB,7,3,5,5,42,8.4,0,1,22,0.7,6,1,8.4,1,1,1,1,1,1,0.1,0.1,6,7.2,43,1,0
Courtland Sutton,DEN,24,WR,14,12,106,63,1019,16.2,6,45,70,4.5,72.8,0.59,9.6,3,17,0,1,9,5.7,1.2,0.2,66,15.7,1036,6,1
DaeSean Hamilton,DEN,24,wr,14,2,40,17,167,9.8,0,9,28,1.2,11.9,0.43,4.2,0,0,0,0,0,0,0,0,17,9.8,167,0,0
Devontae Booker,DEN,27,RB,14,0,5,3,38,12.7,0,1,25,0.2,2.7,0.6,7.6,2,9,0,0,5,4.5,0.6,0.1,5,9.4,47,0,0
Diontae Spencer,DEN,27,wr,14,1,8,6,31,5.2,0,1,20,0.4,2.2,0.75,3.9,2,14,0,0,9,7,1,0.1,8,5.6,45,0,1
Fred Brown,DEN,26,wr,11,1,3,2,21,10.5,0,1,16,0.2,1.9,0.67,7,0,0,0,0,0,0,0,0,2,10.5,21,0,1
Jeff Heuerman,DEN,27,TE,12,10,18,12,101,8.4,1,8,26,1,8.4,0.67,5.6,0,0,0,0,0,0,0,0,12,8.4,101,1,0
Noah Fant,DEN,22,TE,14,10,62,37,548,14.8,3,23,75,2.6,39.1,0.6,8.8,3,-12,0,0,-2,-4,-0.9,0.2,40,13.4,536,3,1
Phillip Lindsay,DEN,25,RB,14,14,44,33,187,5.7,0,8,36,2.4,13.4,0.75,4.3,187,849,6,33,40,4.5,60.6,13.4,220,4.7,1036,6,0
Royce Freeman,DEN,23,RB,14,0,47,40,239,6,1,10,19,2.9,17.1,0.85,5.1,121,472,2,20,26,3.9,33.7,8.6,161,4.4,711,3,0
Tim Patrick,DEN,26,wr,6,1,23,10,156,15.6,0,9,38,1.7,26,0.44,6.8,0,0,0,0,0,0,0,0,10,15.6,156,0,0
Troy Fumagalli,DEN,24,te,9,5,7,5,29,5.8,1,1,9,0.6,3.2,0.71,4.1,0,0,0,0,0,0,0,0,5,5.8,29,1,0
Bo Scarbrough,DET,23,rb,4,4,4,1,5,5,0,0,5,0.3,1.3,0.25,1.3,72,301,1,13,30,4.2,75.3,18,73,4.2,306,1,1
C.J. Anderson,DET,28,RB,2,0,0,0,0,0,0,0,0,0,0,0,0,16,43,0,1,9,2.7,21.5,8,16,2.7,43,0,0
Chris Lacy,DET,23,WR,5,0,2,1,48,48,0,1,48,0.2,9.6,0.5,24,0,0,0,0,0,0,0,0,1,48,48,0,0
Danny Amendola,DET,34,WR,13,8,90,58,641,11.1,1,35,47,4.5,49.3,0.64,7.1,0,0,0,0,0,0,0,0,58,11.1,641,1,0
Isaac Nauta,DET,22,TE,4,0,3,2,13,6.5,0,1,10,0.5,3.3,0.67,4.3,0,0,0,0,0,0,0,0,2,6.5,13,0,0
J.D. McKissic,DET,26,rb,14,3,40,33,229,6.9,1,7,26,2.4,16.4,0.83,5.7,38,205,0,8,44,5.4,14.6,2.7,71,6.1,434,1,0
Jesse James,DET,25,TE,14,9,23,13,125,9.6,0,7,23,0.9,8.9,0.57,5.4,0,0,0,0,0,0,0,0,13,9.6,125,0,0
Kenny Golladay,DET,26,WR,14,14,100,56,1052,18.8,10,45,75,4,75.1,0.56,10.5,0,0,0,0,0,0,0,0,56,18.8,1052,10,1
Kerryon Johnson,DET,22,rb,6,6,14,9,126,14,1,7,36,1.5,21,0.64,9,92,308,2,16,14,3.3,51.3,15.3,101,4.3,434,3,1
Logan Thomas,DET,28,te,14,3,22,13,141,10.8,1,9,17,0.9,10.1,0.59,6.4,0,0,0,0,0,0,0,0,13,10.8,141,1,0
Marvin Hall,DET,26,WR,9,0,11,7,261,37.3,1,7,58,0.8,29,0.64,23.7,1,7,0,0,7,7,0.8,0.1,8,33.5,268,1,0
Marvin Jones,DET,29,WR,13,11,91,62,779,12.6,9,41,47,4.8,59.9,0.68,8.6,2,0,0,0,4,0,0,0.2,64,12.2,779,9,0
Nick Bawden,DET,23,RB,10,2,6,4,17,4.3,0,1,10,0.4,1.7,0.67,2.8,0,0,0,0,0,0,0,0,4,4.3,17,0,0
Paul Perkins,DET,25,RB,4,0,1,1,9,9,0,0,9,0.3,2.3,1,9,12,29,0,3,13,2.4,7.3,3,13,2.9,38,0,0
T.J. Hockenson,DET,22,TE,12,7,59,32,367,11.5,2,19,39,2.7,30.6,0.54,6.2,0,0,0,0,0,0,0,0,32,11.5,367,2,0
Ty Johnson,DET,22,rb,14,1,29,24,109,4.5,0,4,13,1.7,7.8,0.83,3.8,57,188,0,7,17,3.3,13.4,4.1,81,3.7,297,0,1
Wes Hills,DET,24,rb,1,1,2,2,1,0.5,0,0,2,2,1,1,0.5,10,21,2,3,15,2.1,21,10,12,1.8,22,2,0
Aaron Jones,GNB,25,RB,14,14,59,45,425,9.4,3,16,67,3.2,30.4,0.76,7.2,188,830,14,44,42,4.4,59.3,13.4,233,5.4,1255,17,2
Allen Lazard,GNB,24,wr,14,1,35,26,363,14,2,16,43,1.9,25.9,0.74,10.4,1,21,0,1,21,21,1.5,0.1,27,14.2,384,2,0
Danny Vitale,GNB,26,RB,14,4,11,7,97,13.9,0,3,27,0.5,6.9,0.64,8.8,1,3,0,0,3,3,0.2,0.1,8,12.5,100,0,0
Darrius Shepherd,GNB,24,WR,6,0,2,1,1,1,0,0,1,0.2,0.2,0.5,0.5,0,0,0,0,0,0,0,0,1,1,1,0,1
Davante Adams,GNB,27,WR,10,10,98,63,788,12.5,4,43,58,6.3,78.8,0.64,8,0,0,0,0,0,0,0,0,63,12.5,788,4,1
Dexter Williams,GNB,22,RB,3,0,0,0,0,0,0,0,0,0,0,0,0,3,2,0,0,2,0.7,0.7,1,3,0.7,2,0,0
Geronimo Allison,GNB,25,wr,14,6,49,31,270,8.7,2,15,31,2.2,19.3,0.63,5.5,1,7,0,0,7,7,0.5,0.1,32,8.7,277,2,1
Jake Kumerow,GNB,27,wr,12,4,18,11,212,19.3,1,8,49,0.9,17.7,0.61,11.8,0,0,0,0,0,0,0,0,11,19.3,212,1,0
Jamaal Williams,GNB,24,rb,13,2,43,37,234,6.3,5,14,17,2.8,18,0.86,5.4,101,427,1,21,45,4.2,32.8,7.8,138,4.8,661,6,0
Jimmy Graham,GNB,33,TE,14,8,52,33,382,11.6,3,19,48,2.4,27.3,0.64,7.3,0,0,0,0,0,0,0,0,33,11.6,382,3,0
Marcedes Lewis,GNB,35,TE,14,10,17,13,142,10.9,1,7,25,0.9,10.1,0.77,8.4,0,0,0,0,0,0,0,0,13,10.9,142,1,0
Marquez Valdes-Scantling,GNB,25,WR,14,9,48,23,427,18.6,2,12,74,1.6,30.5,0.48,8.9,2,9,0,0,9,4.5,0.6,0.1,25,17.4,436,2,0
Robert Tonyan,GNB,25,te,9,1,12,8,91,11.4,1,4,28,0.9,10.1,0.67,7.6,0,0,0,0,0,0,0,0,8,11.4,91,1,0
Buddy Howell,HOU,23,RB,14,0,0,0,0,0,0,0,0,0,0,0,0,2,5,0,0,4,2.5,0.4,0.1,2,2.5,5,0,0
Carlos Hyde,HOU,29,RB,14,12,15,9,32,3.6,0,1,14,0.6,2.3,0.6,2.1,224,1030,5,52,58,4.6,73.6,16,233,4.6,1062,5,4
Darren Fells,HOU,33,TE,14,13,45,31,314,10.1,7,20,24,2.2,22.4,0.69,7,0,0,0,0,0,0,0,0,31,10.1,314,7,0
DeAndre Carter,HOU,26,wr,14,2,5,3,53,17.7,0,2,46,0.2,3.8,0.6,10.6,0,0,0,0,0,0,0,0,3,17.7,53,0,2
DeAndre Hopkins,HOU,27,WR,14,14,141,99,1142,11.5,7,67,43,7.1,81.6,0.7,8.1,2,18,0,2,12,9,1.3,0.1,101,11.5,1160,7,0
Duke Johnson,HOU,26,rb,14,2,52,38,353,9.3,3,15,21,2.7,25.2,0.73,6.8,77,394,1,16,40,5.1,28.1,5.5,115,6.5,747,4,0
Jordan Akins,HOU,27,TE,14,8,46,31,364,11.7,2,18,53,2.2,26,0.67,7.9,0,0,0,0,0,0,0,0,31,11.7,364,2,0
Keke Coutee,HOU,22,wr,8,4,33,21,247,11.8,0,10,51,2.6,30.9,0.64,7.5,2,14,1,2,10,7,1.8,0.3,23,11.3,261,1,1
Kenny Stills,HOU,27,wr,12,4,46,35,504,14.4,4,25,45,2.9,42,0.76,11,0,0,0,0,0,0,0,0,35,14.4,504,4,0
Will Fuller,HOU,25,WR,10,10,69,47,659,14,3,26,54,4.7,65.9,0.68,9.6,0,0,0,0,0,0,0,0,47,14,659,3,1
Ashton Dulin,IND,22,WR,11,0,2,2,17,8.5,0,0,13,0.2,1.5,1,8.5,0,0,0,0,0,0,0,0,2,8.5,17,0,0
Chester Rogers,IND,25,wr,12,6,28,16,179,11.2,2,11,27,1.3,14.9,0.57,6.4,1,18,0,1,18,18,1.5,0.1,17,11.6,197,2,2
Devin Funchess,IND,25,wr,1,1,5,3,32,10.7,0,2,16,3,32,0.6,6.4,0,0,0,0,0,0,0,0,3,10.7,32,0,0
Eric Ebron,IND,26,te,11,2,52,31,375,12.1,3,20,48,2.8,34.1,0.6,7.2,0,0,0,0,0,0,0,0,31,12.1,375,3,0
Jack Doyle,IND,29,TE,14,14,64,40,425,10.6,4,28,23,2.9,30.4,0.63,6.6,0,0,0,0,0,0,0,0,40,10.6,425,4,1
Jonathan Williams,IND,25,rb,7,1,5,5,59,11.8,0,3,31,0.7,8.4,1,11.8,49,235,1,13,48,4.8,33.6,7,54,5.4,294,1,0
Jordan Wilkins,IND,25,rb,13,1,11,7,43,6.1,0,1,11,0.5,3.3,0.64,3.9,42,223,1,7,55,5.3,17.2,3.2,49,5.4,266,1,0
Marcus Johnson,IND,25,wr,6,4,25,14,244,17.4,2,10,50,2.3,40.7,0.56,9.8,0,0,0,0,0,0,0,0,14,17.4,244,2,0
Marlon Mack,IND,23,RB,12,10,14,12,76,6.3,0,1,14,1,6.3,0.86,5.4,216,919,5,57,63,4.3,76.6,18,228,4.4,995,5,0
Mo Alie-Cox,IND,26,te,14,2,9,6,57,9.5,0,3,16,0.4,4.1,0.67,6.3,0,0,0,0,0,0,0,0,6,9.5,57,0,0
Nyheim Hines,IND,23,rb,14,2,52,40,296,7.4,0,15,21,2.9,21.1,0.77,5.7,44,161,2,12,18,3.7,11.5,3.1,84,5.4,457,2,1
Parris Campbell,IND,22,wr,7,3,24,18,127,7.1,1,6,27,2.6,18.1,0.75,5.3,4,34,0,1,22,8.5,4.9,0.6,22,7.3,161,1,3
Ross Travis,IND,26,te,2,1,4,3,32,10.7,0,0,25,1.5,16,0.75,8,0,0,0,0,0,0,0,0,3,10.7,32,0,1
T.Y. Hilton,IND,30,WR,8,8,61,39,403,10.3,5,20,35,4.9,50.4,0.64,6.6,0,0,0,0,0,0,0,0,39,10.3,403,5,0
Zach Pascal,IND,25,WR,14,11,66,39,591,15.2,5,28,37,2.8,42.2,0.59,9,1,12,0,1,12,12,0.9,0.1,40,15.1,603,5,0
Ben Koyack,JAX,26,te,9,4,3,1,9,9,0,0,9,0.1,1,0.33,3,0,0,0,0,0,0,0,0,1,9,9,0,0
C.J. Board,JAX,26,WR,3,0,4,2,31,15.5,0,1,23,0.7,10.3,0.5,7.8,0,0,0,0,0,0,0,0,2,15.5,31,0,0
Chris Conley,JAX,27,WR,14,12,79,42,681,16.2,4,32,70,3,48.6,0.53,8.6,0,0,0,0,0,0,0,0,42,16.2,681,4,0
Dede Westbrook,JAX,26,WR,13,10,89,57,583,10.2,2,25,39,4.4,44.8,0.64,6.6,5,27,0,0,8,5.4,2.1,0.4,62,9.8,610,2,1
DJ Chark,JAX,23,WR,13,12,106,67,956,14.3,8,40,69,5.2,73.5,0.63,9,2,20,0,1,20,10,1.5,0.2,69,14.1,976,8,0
Geoff Swaim,JAX,26,te,6,2,17,13,65,5,0,1,9,2.2,10.8,0.77,3.8,0,0,0,0,0,0,0,0,13,5,65,0,0
James O'Shaughnessy,JAX,27,te,5,5,20,14,153,10.9,2,7,35,2.8,30.6,0.7,7.7,0,0,0,0,0,0,0,0,14,10.9,153,2,0
Josh Oliver,JAX,22,te,4,1,6,3,15,5,0,0,6,0.8,3.8,0.5,2.5,0,0,0,0,0,0,0,0,3,5,15,0,0
Keelan Cole,JAX,26,wr,14,1,29,20,271,13.6,2,16,55,1.4,19.4,0.69,9.3,0,0,0,0,0,0,0,0,20,13.6,271,2,0
Leonard Fournette,JAX,24,RB,14,14,94,73,488,6.7,0,22,27,5.2,34.9,0.78,5.2,250,1081,3,52,81,4.3,77.2,17.9,323,4.9,1569,3,1
Marqise Lee,JAX,28,wr,6,1,4,3,18,6,0,2,8,0.5,3,0.75,4.5,1,1,0,0,1,1,0.2,0.2,4,4.8,19,0,0
Michael Walker,JAX,23,WR,6,0,3,2,15,7.5,0,1,9,0.3,2.5,0.67,5,0,0,0,0,0,0,0,0,2,7.5,15,0,1
Ryquell Armstead,JAX,23,RB,14,0,15,9,92,10.2,1,5,31,0.6,6.6,0.6,6.1,24,73,0,2,16,3,5.2,1.7,33,5,165,1,0
Seth Devalve,JAX,26,te,10,5,11,8,91,11.4,0,5,18,0.8,9.1,0.73,8.3,0,0,0,0,0,0,0,0,8,11.4,91,0,0
Anthony Sherman,KAN,31,RB,14,0,3,2,22,11,0,2,15,0.1,1.6,0.67,7.3,4,9,0,3,5,2.3,0.6,0.3,6,5.2,31,0,0
Blake Bell,KAN,28,te,13,6,10,5,51,10.2,0,2,30,0.4,3.9,0.5,5.1,0,0,0,0,0,0,0,0,5,10.2,51,0,0
Byron Pringle,KAN,26,WR,14,0,16,12,170,14.2,1,7,28,0.9,12.1,0.75,10.6,0,0,0,0,0,0,0,0,12,14.2,170,1,0
Damien Williams,KAN,27,rb,9,5,27,23,156,6.8,1,8,32,2.6,17.3,0.85,5.8,83,309,3,13,91,3.7,34.3,9.2,106,4.4,465,4,1
Darrel Williams,KAN,24,RB,12,0,19,15,167,11.1,1,7,52,1.3,13.9,0.79,8.8,41,141,3,12,41,3.4,11.8,3.4,56,5.5,308,4,1
Darwin Thompson,KAN,23,RB,10,0,9,8,47,5.9,0,2,19,0.8,4.7,0.89,5.2,28,97,1,6,12,3.5,9.7,2.8,36,4,144,1,0
Demarcus Robinson,KAN,25,WR,14,10,51,30,412,13.7,3,17,44,2.1,29.4,0.59,8.1,0,0,0,0,0,0,0,0,30,13.7,412,3,0
Deon Yelder,KAN,24,te,9,1,4,3,50,16.7,0,2,24,0.3,5.6,0.75,12.5,0,0,0,0,0,0,0,0,3,16.7,50,0,0
LeSean McCoy,KAN,31,RB,13,9,34,28,181,6.5,1,6,23,2.2,13.9,0.82,5.3,101,465,4,24,39,4.6,35.8,7.8,129,5,646,5,3
Mecole Hardman,KAN,21,wr,14,4,40,25,508,20.3,6,17,83,1.8,36.3,0.63,12.7,4,17,0,1,9,4.3,1.2,0.3,29,18.1,525,6,2
Sammy Watkins,KAN,26,WR,12,11,83,49,637,13,3,28,68,4.1,53.1,0.59,7.7,2,12,0,1,11,6,1,0.2,51,12.7,649,3,2
Spencer Ware,KAN,28,RB,2,0,4,3,0,0,0,0,6,1.5,0,0.75,0,12,37,0,3,6,3.1,18.5,6,15,2.5,37,0,1
Travis Kelce,KAN,30,TE,14,14,122,86,1131,13.2,4,59,47,6.1,80.8,0.71,9.3,1,4,1,1,4,4,0.3,0.1,87,13,1135,5,1
Tyreek Hill,KAN,25,WR,10,10,79,49,727,14.8,7,34,57,4.9,72.7,0.62,9.2,8,23,0,1,5,2.9,2.3,0.8,57,13.2,750,7,0
Andre Patton,LAC,25,wr,11,4,12,4,38,9.5,0,3,15,0.4,3.5,0.33,3.2,0,0,0,0,0,0,0,0,4,9.5,38,0,0
Austin Ekeler,LAC,24,RB,14,7,91,78,892,11.4,8,38,84,5.6,63.7,0.86,9.8,119,500,3,28,35,4.2,35.7,8.5,197,7.1,1392,11,3
Derek Watt,LAC,27,RB,14,2,5,3,32,10.7,0,1,21,0.2,2.3,0.6,6.4,7,10,1,6,3,1.4,0.7,0.5,10,4.2,42,1,0
Geremy Davis,LAC,27,wr,7,1,3,3,38,12.7,0,1,19,0.4,5.4,1,12.7,0,0,0,0,0,0,0,0,3,12.7,38,0,0
Hunter Henry,LAC,25,TE,10,10,63,45,565,12.6,4,31,30,4.5,56.5,0.71,9,0,0,0,0,0,0,0,0,45,12.6,565,4,1
Jason Moore,LAC,24,WR,8,0,4,2,43,21.5,0,2,32,0.3,5.4,0.5,10.8,0,0,0,0,0,0,0,0,2,21.5,43,0,0
Justin Jackson,LAC,24,RB,6,0,11,9,22,2.4,0,0,9,1.5,3.7,0.82,2,28,189,0,8,40,6.8,31.5,4.7,37,5.7,211,0,0
Keenan Allen,LAC,27,WR,14,14,129,90,1046,11.6,5,53,45,6.4,74.7,0.7,8.1,2,21,0,1,18,10.5,1.5,0.1,92,11.6,1067,5,0
Lance Kendricks,LAC,31,te,10,1,7,3,50,16.7,0,3,24,0.3,5,0.43,7.1,0,0,0,0,0,0,0,0,3,16.7,50,0,0
Melvin Gordon,LAC,26,RB,10,9,41,30,188,6.3,1,9,25,3,18.8,0.73,4.6,139,551,5,32,24,4,55.1,13.9,169,4.4,739,6,4
Mike Williams,LAC,25,WR,13,13,81,44,912,20.7,2,36,56,3.4,70.2,0.54,11.3,1,2,0,0,2,2,0.2,0.1,45,20.3,914,2,0
Sean Culkin,LAC,26,te,4,2,2,1,12,12,0,1,12,0.3,3,0.5,6,0,0,0,0,0,0,0,0,1,12,12,0,0
Travis Benjamin,LAC,30,wr,5,2,16,6,30,5,0,3,13,1.2,6,0.38,1.9,0,0,0,0,0,0,0,0,6,5,30,0,0
Troymaine Pope,LAC,26,RB,12,0,3,2,14,7,1,1,13,0.2,1.2,0.67,4.7,10,20,0,0,8,2,1.7,0.8,12,2.8,34,1,1
Virgil Green,LAC,31,te,13,4,11,8,74,9.3,1,4,15,0.6,5.7,0.73,6.7,0,0,0,0,0,0,0,0,8,9.3,74,1,0
Brandin Cooks,LAR,26,WR,12,12,61,35,504,14.4,1,26,57,2.9,42,0.57,8.3,6,52,0,3,27,8.7,4.3,0.5,41,13.6,556,1,0
Cooper Kupp,LAR,26,WR,14,12,120,83,1031,12.4,8,44,66,5.9,73.6,0.69,8.6,2,4,0,0,6,2,0.3,0.1,85,12.2,1035,8,2
Darrell Henderson,LAR,22,RB,12,0,6,4,37,9.3,0,1,14,0.3,3.1,0.67,6.2,37,140,0,10,22,3.8,11.7,3.1,41,4.3,177,0,0
Gerald Everett,LAR,25,te,11,2,59,37,408,11,2,22,33,3.4,37.1,0.63,6.9,1,0,0,0,0,0,0,0.1,38,10.7,408,2,0
John Kelly,LAR,23,RB,3,0,0,0,0,0,0,0,0,0,0,0,0,3,9,0,0,6,3,3,1,3,3,9,0,0
Johnny Mundt,LAR,25,te,11,2,6,3,24,8,0,1,9,0.3,2.2,0.5,4,0,0,0,0,0,0,0,0,3,8,24,0,0
Josh Reynolds,LAR,24,wr,14,2,39,19,294,15.5,1,14,31,1.4,21,0.49,7.5,5,23,0,2,12,4.6,1.6,0.4,24,13.2,317,1,0
Malcolm Brown,LAR,26,rb,12,1,4,1,10,10,0,0,10,0.1,0.8,0.25,2.5,59,230,4,14,17,3.9,19.2,4.9,60,4,240,4,0
Mike Thomas,LAR,25,WR,14,0,5,2,14,7,0,1,9,0.1,1,0.4,2.8,0,0,0,0,0,0,0,0,2,7,14,0,0
Robert Woods,LAR,27,WR,13,13,116,75,950,12.7,1,45,48,5.8,73.1,0.65,8.2,14,100,1,5,20,7.1,7.7,1.1,89,11.8,1050,2,0
Todd Gurley,LAR,25,RB,13,13,46,29,186,6.4,2,7,23,2.2,14.3,0.63,4,188,741,10,45,25,3.9,57,14.5,217,4.3,927,12,3
Tyler Higbee,LAR,26,TE,13,13,66,52,546,10.5,2,26,33,4,42,0.79,8.3,0,0,0,0,0,0,0,0,52,10.5,546,2,0
Albert Wilson,MIA,27,wr,11,3,47,31,213,6.9,1,14,22,2.8,19.4,0.66,4.5,4,36,0,1,28,9,3.3,0.4,35,7.1,249,1,0
Allen Hurns,MIA,28,wr,13,6,45,30,375,12.5,2,16,27,2.3,28.8,0.67,8.3,0,0,0,0,0,0,0,0,30,12.5,375,2,1
Clive Walford,MIA,28,te,6,3,6,3,42,14,0,3,19,0.5,7,0.5,7,0,4,0,0,4,0,0.7,0,3,15.3,46,0,0
DeVante Parker,MIA,26,WR,14,12,102,59,954,16.2,8,47,50,4.2,68.1,0.58,9.4,0,0,0,0,0,0,0,0,59,16.2,954,8,0
Durham Smythe,MIA,24,TE,14,12,9,4,39,9.8,0,1,24,0.3,2.8,0.44,4.3,0,0,0,0,0,0,0,0,4,9.8,39,0,0
Isaiah Ford,MIA,23,WR,6,0,20,11,122,11.1,0,9,25,1.8,20.3,0.55,6.1,0,0,0,0,0,0,0,0,11,11.1,122,0,0
Jakeem Grant,MIA,27,wr,10,2,33,19,164,8.6,0,9,18,1.9,16.4,0.58,5,4,5,1,1,7,1.3,0.5,0.4,23,7.3,169,1,2
Kalen Ballage,MIA,24,rb,12,6,24,14,63,4.5,0,4,13,1.2,5.3,0.58,2.6,74,135,3,10,8,1.8,11.3,6.2,88,2.3,198,3,0
Mark Walton,MIA,22,rb,7,4,21,15,89,5.9,0,3,18,2.1,12.7,0.71,4.2,53,201,0,11,19,3.8,28.7,7.6,68,4.3,290,0,1
Mike Gesicki,MIA,24,te,14,4,70,41,454,11.1,2,19,34,2.9,32.4,0.59,6.5,0,0,0,0,0,0,0,0,41,11.1,454,2,1
Myles Gaskin,MIA,22,RB,6,0,9,6,48,8,0,2,20,1,8,0.67,5.3,20,78,0,3,27,3.9,13,3.3,26,4.8,126,0,0
Patrick Laird,MIA,24,rb,13,2,24,18,155,8.6,0,10,21,1.4,11.9,0.75,6.5,43,130,1,7,18,3,10,3.3,61,4.7,285,1,0
Preston Williams,MIA,22,WR,8,7,60,32,428,13.4,3,24,35,4,53.5,0.53,7.1,0,0,0,0,0,0,0,0,32,13.4,428,3,2
Adam Thielen,MIN,29,WR,9,9,44,30,418,13.9,6,18,44,3.3,46.4,0.68,9.5,3,4,1,1,3,1.3,0.4,0.3,33,12.8,422,7,0
Alexander Mattison,MIN,21,RB,13,0,12,10,82,8.2,0,3,17,0.8,6.3,0.83,6.8,100,462,1,19,35,4.6,35.5,7.7,110,4.9,544,1,1
Ameer Abdullah,MIN,26,RB,14,0,10,6,43,7.2,1,3,16,0.4,3.1,0.6,4.3,13,66,0,2,15,5.1,4.7,0.9,19,5.7,109,1,1
C.J. Ham,MIN,26,RB,14,6,21,15,137,9.1,1,6,36,1.1,9.8,0.71,6.5,5,13,0,1,9,2.6,0.9,0.4,20,7.5,150,1,1
Chad Beebe,MIN,25,WR,3,0,2,2,70,35,0,2,61,0.7,23.3,1,35,0,0,0,0,0,0,0,0,2,35,70,0,3
Dalvin Cook,MIN,24,RB,14,14,63,53,519,9.8,0,26,31,3.8,37.1,0.84,8.2,250,1135,13,60,75,4.5,81.1,17.9,303,5.5,1654,13,4
Irv Smith Jr.,MIN,21,TE,14,7,42,33,296,9,2,16,29,2.4,21.1,0.79,7,0,0,0,0,0,0,0,0,33,9,296,2,1
Kyle Rudolph,MIN,30,TE,14,14,46,38,360,9.5,6,23,32,2.7,25.7,0.83,7.8,0,0,0,0,0,0,0,0,38,9.5,360,6,0
Laquon Treadwell,MIN,24,WR,11,0,13,9,184,20.4,1,8,58,0.8,16.7,0.69,14.2,0,0,0,0,0,0,0,0,9,20.4,184,1,0
Mike Boone,MIN,24,RB,14,0,0,0,0,0,0,0,0,0,0,0,0,21,97,2,4,24,4.6,6.9,1.5,21,4.6,97,2,0
Olabisi Johnson,MIN,22,wr,14,5,39,27,254,9.4,3,14,23,1.9,18.1,0.69,6.5,1,6,0,0,6,6,0.4,0.1,28,9.3,260,3,0
Stefon Diggs,MIN,26,WR,14,14,89,60,1073,17.9,5,38,66,4.3,76.6,0.67,12.1,5,61,0,3,27,12.2,4.4,0.4,65,17.4,1134,5,4
Tyler Conklin,MIN,24,te,13,1,9,7,49,7,0,2,20,0.5,3.8,0.78,5.4,0,0,0,0,0,0,0,0,7,7,49,0,0
Alvin Kamara,NOR,24,RB,12,8,87,73,485,6.6,1,25,41,6.1,40.4,0.84,5.6,152,678,1,26,30,4.5,56.5,12.7,225,5.2,1163,2,4
Austin Carr,NOR,26,wr,6,3,4,1,9,9,0,1,9,0.2,1.5,0.25,2.3,0,0,0,0,0,0,0,0,1,9,9,0,0
Deonte Harris,NOR,22,WR,12,0,5,5,24,4.8,0,2,13,0.4,2,1,4.8,2,18,0,2,10,9,1.5,0.2,7,6,42,0,2
Dwayne Washington,NOR,25,RB,14,0,1,1,6,6,0,0,6,0.1,0.4,1,6,6,58,0,2,31,9.7,4.1,0.4,7,9.1,64,0,0
Jared Cook,NOR,32,TE,12,7,59,38,577,15.2,6,28,40,3.2,48.1,0.64,9.8,0,0,0,0,0,0,0,0,38,15.2,577,6,0
Josh Hill,NOR,29,TE,14,9,30,22,191,8.7,3,11,29,1.6,13.6,0.73,6.4,0,0,0,0,0,0,0,0,22,8.7,191,3,0
Latavius Murray,NOR,29,RB,14,7,39,31,210,6.8,1,8,30,2.2,15,0.8,5.4,122,562,5,34,30,4.6,40.1,8.7,153,5,772,6,0
Michael Thomas,NOR,26,WR,14,13,159,133,1552,11.7,8,78,49,9.5,110.9,0.84,9.8,1,-9,0,0,-9,-9,-0.6,0.1,134,11.5,1543,8,1
Ted Ginn,NOR,34,WR,14,9,53,29,411,14.2,2,19,45,2.1,29.4,0.55,7.8,3,18,0,2,12,6,1.3,0.2,32,13.4,429,2,0
Tre'Quan Smith,NOR,23,wr,9,5,18,12,165,13.8,4,11,28,1.3,18.3,0.67,9.2,0,0,0,0,0,0,0,0,12,13.8,165,4,0
Zach Line,NOR,29,RB,11,2,10,6,36,6,0,1,12,0.5,3.3,0.6,3.6,7,20,0,5,5,2.9,1.8,0.6,13,4.3,56,0,0
Ben Watson,NWE,39,TE,8,7,20,13,154,11.8,0,8,26,1.6,19.3,0.65,7.7,0,0,0,0,0,0,0,0,13,11.8,154,0,0
Brandon Bolden,NWE,29,rb,13,2,11,9,111,12.3,1,6,29,0.7,8.5,0.82,10.1,15,68,3,5,21,4.5,5.2,1.2,24,7.5,179,4,0
Damien Harris,NWE,22,RB,2,0,0,0,0,0,0,0,0,0,0,0,0,4,12,0,0,13,3,6,2,4,3,12,0,0
Gunner Olszewski,NWE,23,TE,8,0,4,2,34,17,0,1,29,0.3,4.3,0.5,8.5,0,0,0,0,0,0,0,0,2,17,34,0,1
Jakob Johnson,NWE,25,RB,4,3,2,1,5,5,0,0,5,0.3,1.3,0.5,2.5,0,0,0,0,0,0,0,0,1,5,5,0,0
Jakobi Meyers,NWE,23,wr,13,1,38,23,334,14.5,0,16,35,1.8,25.7,0.61,8.8,0,0,0,0,0,0,0,0,23,14.5,334,0,0
James Develin,NWE,31,RB,2,2,0,0,0,0,0,0,0,0,0,0,0,2,3,0,1,2,1.5,1.5,1,2,1.5,3,0,0
James White,NWE,27,rb,13,1,87,65,588,9,4,29,59,5,45.2,0.75,6.8,62,254,1,14,32,4.1,19.5,4.8,127,6.6,842,5,0
Julian Edelman,NWE,33,WR,14,12,140,92,1019,11.1,6,50,44,6.6,72.8,0.66,7.3,8,27,0,2,9,3.4,1.9,0.6,100,10.5,1046,6,2
Matt LaCosse,NWE,27,te,9,6,18,12,123,10.3,0,5,24,1.3,13.7,0.67,6.8,0,0,0,0,0,0,0,0,12,10.3,123,0,0
N'Keal Harry,NWE,22,wr,5,3,14,7,55,7.9,2,5,12,1.4,11,0.5,3.9,2,22,0,2,12,11,4.4,0.4,9,8.6,77,2,0
Phillip Dorsett,NWE,26,wr,12,4,50,28,347,12.4,5,16,58,2.3,28.9,0.56,6.9,3,21,0,1,9,7,1.8,0.3,31,11.9,368,5,0
Rex Burkhead,NWE,29,rb,11,1,33,22,196,8.9,0,7,32,2,17.8,0.67,5.9,54,234,2,13,33,4.3,21.3,4.9,76,5.7,430,2,0
Ryan Izzo,NWE,24,te,6,4,9,6,114,19,1,4,41,1,19,0.67,12.7,0,0,0,0,0,0,0,0,6,19,114,1,0
Sony Michel,NWE,24,RB,14,12,18,11,89,8.1,0,7,19,0.8,6.4,0.61,4.9,208,742,6,46,26,3.6,53,14.9,219,3.8,831,6,2
Bennie Fowler,NYG,28,wr,8,2,36,23,193,8.4,0,12,17,2.9,24.1,0.64,5.4,1,20,0,1,20,20,2.5,0.1,24,8.9,213,0,0
Cody Core,NYG,25,WR,14,0,5,3,28,9.3,0,2,11,0.2,2,0.6,5.6,0,0,0,0,0,0,0,0,3,9.3,28,0,0
Cody Latimer,NYG,27,WR,13,9,32,17,244,14.4,1,15,43,1.3,18.8,0.53,7.6,0,0,0,0,0,0,0,0,17,14.4,244,1,0
Darius Slayton,NYG,22,WR,12,8,73,44,690,15.7,8,31,55,3.7,57.5,0.6,9.5,0,0,0,0,0,0,0,0,44,15.7,690,8,0
Elijhaa Penny,NYG,26,rb,14,1,4,2,9,4.5,0,0,9,0.1,0.6,0.5,2.3,15,39,0,2,6,2.6,2.8,1.1,17,2.8,48,0,0
Evan Engram,NYG,25,te,8,6,68,44,467,10.6,3,23,75,5.5,58.4,0.65,6.9,3,7,0,0,5,2.3,0.9,0.4,47,10.1,474,3,0
Golden Tate,NYG,31,WR,9,9,66,38,512,13.5,5,22,64,4.2,56.9,0.58,7.8,1,16,0,1,16,16,1.8,0.1,39,13.5,528,5,1
Javorius Allen,NYG,28,RB,8,0,0,0,0,0,0,0,0,0,0,0,0,9,32,1,2,19,3.6,4,1.1,9,3.6,32,1,0
Jon Hilliman,NYG,24,rb,3,1,4,3,1,0.3,0,0,5,1,0.3,0.75,0.3,30,91,0,6,10,3,30.3,10,33,2.8,92,0,2
Kaden Smith,NYG,22,te,7,4,23,17,135,7.9,1,5,32,2.4,19.3,0.74,5.9,0,0,0,0,0,0,0,0,17,7.9,135,1,1
Rhett Ellison,NYG,31,TE,10,7,28,18,167,9.3,1,4,31,1.8,16.7,0.64,6,0,0,0,0,0,0,0,0,18,9.3,167,1,0
Russell Shepard,NYG,29,WR,3,0,8,3,25,8.3,0,1,12,1,8.3,0.38,3.1,0,0,0,0,0,0,0,0,3,8.3,25,0,0
Saquon Barkley,NYG,22,RB,11,11,65,45,323,7.2,1,11,65,4.1,29.4,0.69,5,178,722,4,36,59,4.1,65.6,16.2,223,4.7,1045,5,1
Scott Simonson,NYG,27,te,4,1,2,2,11,5.5,0,1,10,0.5,2.8,1,5.5,0,0,0,0,0,0,0,0,2,5.5,11,0,0
Sterling Shepard,NYG,26,WR,8,8,67,46,461,10,2,24,36,5.8,57.6,0.69,6.9,6,72,0,3,23,12,9,0.8,52,10.3,533,2,0
T.J. Jones,NYG,27,WR,3,0,4,3,38,12.7,1,2,28,1,12.7,0.75,9.5,0,0,0,0,0,0,0,0,3,12.7,38,1,3
Wayne Gallman,NYG,25,rb,10,2,15,11,102,9.3,1,4,21,1.1,10.2,0.73,6.8,29,110,2,6,22,3.8,11,2.9,40,5.3,212,3,1
Bilal Powell,NYJ,31,rb,11,1,10,6,28,4.7,0,0,9,0.5,2.5,0.6,2.8,51,199,0,11,17,3.9,18.1,4.6,57,4,227,0,0
Braxton Berrios,NYJ,24,WR,14,0,11,5,104,20.8,0,2,69,0.4,7.4,0.46,9.5,0,0,0,0,0,0,0,0,5,20.8,104,0,1
Chris Herndon,NYJ,23,TE,1,0,2,1,7,7,0,0,7,1,7,0.5,3.5,0,0,0,0,0,0,0,0,1,7,7,0,0
Daniel Brown,NYJ,27,te,14,3,6,4,40,10,1,3,20,0.3,2.9,0.67,6.7,0,0,0,0,0,0,0,0,4,10,40,1,0
Demaryius Thomas,NYJ,32,WR,11,10,58,36,433,12,1,22,47,3.3,39.4,0.62,7.5,0,0,0,0,0,0,0,0,36,12,433,1,0
Jamison Crowder,NYJ,26,WR,14,10,104,66,707,10.7,5,34,41,4.7,50.5,0.64,6.8,1,4,0,0,4,4,0.3,0.1,67,10.6,711,5,0
Jeff Smith,NYJ,22,WR,1,0,2,1,12,12,0,1,12,1,12,0.5,6,0,0,0,0,0,0,0,0,1,12,12,0,0
Josh Adams,NYJ,23,RB,3,0,0,0,0,0,0,0,0,0,0,0,0,8,12,0,1,10,1.5,4,2.7,8,1.5,12,0,0
Josh Bellamy,NYJ,30,WR,7,0,3,2,20,10,0,1,15,0.3,2.9,0.67,6.7,0,0,0,0,0,0,0,0,2,10,20,0,0
LeVeon Bell,NYJ,27,RB,13,13,69,57,404,7.1,1,19,23,4.4,31.1,0.83,5.9,204,676,3,28,19,3.3,52,15.7,261,4.1,1080,4,1
Robby Anderson,NYJ,26,WR,14,13,85,47,729,15.5,4,33,92,3.4,52.1,0.55,8.6,1,4,0,0,4,4,0.3,0.1,48,15.3,733,4,1
Ryan Griffin,NYJ,29,TE,13,13,41,34,320,9.4,5,19,45,2.6,24.6,0.83,7.8,0,0,0,0,0,0,0,0,34,9.4,320,5,0
Trevon Wesco,NYJ,24,te,14,1,1,1,15,15,0,1,15,0.1,1.1,1,15,1,2,0,1,2,2,0.1,0.1,2,8.5,17,0,0
Ty Montgomery,NYJ,26,wr,14,2,16,12,89,7.4,0,3,21,0.9,6.4,0.75,5.6,30,96,0,1,15,3.2,6.9,2.1,42,4.4,185,0,0
Vyncint Smith,NYJ,23,wr,11,2,23,11,157,14.3,0,7,37,1,14.3,0.48,6.8,2,32,1,2,19,16,2.9,0.2,13,14.5,189,1,1
Alec Ingold,OAK,23,RB,14,4,6,6,44,7.3,1,4,14,0.4,3.1,1,7.3,9,17,0,7,4,1.9,1.2,0.6,15,4.1,61,1,0
Darren Waller,OAK,27,TE,14,14,103,80,1001,12.5,3,48,48,5.7,71.5,0.78,9.7,2,5,0,0,7,2.5,0.4,0.1,82,12.3,1006,3,1
DeAndre Washington,OAK,26,rb,14,1,29,26,216,8.3,0,7,28,1.9,15.4,0.9,7.4,68,225,2,15,14,3.3,16.1,4.9,94,4.7,441,2,0
Derek Carrier,OAK,29,te,14,4,16,10,92,9.2,1,4,25,0.7,6.6,0.63,5.8,1,27,0,1,27,27,1.9,0.1,11,10.8,119,1,0
Dwayne Harris,OAK,32,WR,3,0,1,1,7,7,0,0,7,0.3,2.3,1,7,0,0,0,0,0,0,0,0,1,7,7,0,0
Foster Moreau,OAK,22,TE,13,7,25,21,174,8.3,5,14,23,1.6,13.4,0.84,7,0,0,0,0,0,0,0,0,21,8.3,174,5,0
Hunter Renfrow,OAK,24,wr,11,2,53,36,396,11,2,23,65,3.3,36,0.68,7.5,0,0,0,0,0,0,0,0,36,11,396,2,0
Jalen Richard,OAK,26,RB,14,0,37,30,266,8.9,0,12,31,2.1,19,0.81,7.2,31,114,0,9,13,3.7,8.1,2.2,61,6.2,380,0,2
JJ Nelson,OAK,27,wr,2,1,5,4,36,9,1,1,29,2,18,0.8,7.2,0,0,0,0,0,0,0,0,4,9,36,1,0
Josh Jacobs,OAK,21,RB,13,13,27,20,166,8.3,0,8,28,1.5,12.8,0.74,6.1,242,1150,7,53,51,4.8,88.5,18.6,262,5,1316,7,1
Keelan Doss,OAK,23,wr,8,2,14,11,133,12.1,0,6,31,1.4,16.6,0.79,9.5,0,0,0,0,0,0,0,0,11,12.1,133,0,0
Marcell Ateman,OAK,25,WR,9,0,3,2,70,35,0,2,36,0.2,7.8,0.67,23.3,0,0,0,0,0,0,0,0,2,35,70,0,0
Rico Gafford,OAK,23,wr,2,1,1,1,49,49,1,1,49,0.5,24.5,1,49,0,0,0,0,0,0,0,0,1,49,49,1,0
Ryan Grant,OAK,29,wr,2,1,9,4,14,3.5,0,1,9,2,7,0.44,1.6,0,0,0,0,0,0,0,0,4,3.5,14,0,0
Tyrell Williams,OAK,27,WR,12,10,60,38,569,15,6,30,46,3.2,47.4,0.63,9.5,0,0,0,0,0,0,0,0,38,15,569,6,0
Alshon Jeffery,PHI,29,WR,10,10,73,43,490,11.4,4,36,38,4.3,49,0.59,6.7,1,2,1,1,2,2,0.2,0.1,44,11.2,492,5,0
Boston Scott,PHI,24,rb,9,2,14,14,113,8.1,0,6,17,1.6,12.6,1,8.1,39,179,2,12,25,4.6,19.9,4.3,53,5.5,292,2,4
Dallas Goedert,PHI,24,TE,13,7,65,45,451,10,4,24,28,3.5,34.7,0.69,6.9,0,0,0,0,0,0,0,0,45,10,451,4,2
Darren Sproles,PHI,36,rb,6,1,10,6,24,4,0,1,7,1,4,0.6,2.4,17,66,0,3,17,3.9,11,2.8,23,3.9,90,0,1
DeSean Jackson,PHI,33,wr,3,3,10,9,159,17.7,2,6,53,3,53,0.9,15.9,0,0,0,0,0,0,0,0,9,17.7,159,2,0
Greg Ward,PHI,24,wr,5,1,28,18,140,7.8,1,10,13,3.6,28,0.64,5,0,0,0,0,0,0,0,0,18,7.8,140,1,0
Jay Ajayi,PHI,26,RB,3,0,1,0,0,0,0,0,0,0,0,0,0,10,30,0,3,11,3,10,3.3,10,3,30,0,0
JJ Arcega-Whiteside,PHI,23,wr,14,4,20,8,130,16.3,1,5,30,0.6,9.3,0.4,6.5,0,0,0,0,0,0,0,0,8,16.3,130,1,0
Jordan Howard,PHI,25,rb,9,4,14,10,69,6.9,1,3,20,1.1,7.7,0.71,4.9,119,525,6,28,20,4.4,58.3,13.2,129,4.6,594,7,0
Joshua Perkins,PHI,26,TE,3,0,5,5,37,7.4,0,3,13,1.7,12.3,1,7.4,0,0,0,0,0,0,0,0,5,7.4,37,0,0
Miles Sanders,PHI,22,RB,14,9,52,42,433,10.3,3,16,45,3,30.9,0.81,8.3,150,687,2,24,65,4.6,49.1,10.7,192,5.8,1120,5,2
Nelson Agholor,PHI,26,WR,11,10,69,39,363,9.3,3,17,43,3.5,33,0.57,5.3,2,7,0,1,16,3.5,0.6,0.2,41,9,370,3,2
Zach Ertz,PHI,29,TE,14,14,129,84,888,10.6,6,48,30,6,63.4,0.65,6.9,0,0,0,0,0,0,0,0,84,10.6,888,6,1
Benny Snell,PIT,21,rb,11,1,4,3,23,7.7,0,0,14,0.3,2.1,0.75,5.8,83,321,1,15,23,3.9,29.2,7.5,86,4,344,1,1
Diontae Johnson,PIT,23,WR,14,10,76,47,545,11.6,4,25,45,3.4,38.9,0.62,7.2,4,41,0,2,17,10.3,2.9,0.3,51,11.5,586,4,5
James Conner,PIT,24,RB,9,9,38,34,251,7.4,3,14,26,3.8,27.9,0.9,6.6,110,432,4,24,25,3.9,48,12.2,144,4.7,683,7,1
James Washington,PIT,23,WR,13,8,69,39,694,17.8,3,29,79,3,53.4,0.57,10.1,0,0,0,0,0,0,0,0,39,17.8,694,3,1
Jaylen Samuels,PIT,23,rb,12,4,49,42,257,6.1,1,17,18,3.5,21.4,0.86,5.2,63,168,1,9,13,2.7,14,5.3,105,4,425,2,1
Johnny Holton,PIT,28,wr,14,3,15,3,21,7,0,1,18,0.2,1.5,0.2,1.4,1,9,0,1,9,9,0.6,0.1,4,7.5,30,0,0
JuJu Smith-Schuster,PIT,23,WR,10,10,60,38,524,13.8,3,20,76,3.8,52.4,0.63,8.7,0,0,0,0,0,0,0,0,38,13.8,524,3,1
Kerrith Whyte,PIT,23,RB,4,0,1,1,9,9,0,1,9,0.3,2.3,1,9,16,99,0,4,21,6.2,24.8,4,17,6.4,108,0,0
Roosevelt Nix,PIT,27,RB,3,0,3,2,4,2,0,0,4,0.7,1.3,0.67,1.3,0,0,0,0,0,0,0,0,2,2,4,0,0
Ryan Switzer,PIT,25,WR,9,0,11,8,27,3.4,0,2,8,0.9,3,0.73,2.5,0,0,0,0,0,0,0,0,8,3.4,27,0,1
Tevin Jones,PIT,27,WR,5,0,10,4,61,15.3,0,1,28,0.8,12.2,0.4,6.1,0,0,0,0,0,0,0,0,4,15.3,61,0,0
Tony Brooks-James,PIT,25,RB,3,0,0,0,0,0,0,0,0,0,0,0,0,8,7,0,0,8,0.9,2.3,2.7,8,0.9,7,0,0
Trey Edmunds,PIT,25,RB,9,0,7,6,48,8,0,2,11,0.7,5.3,0.86,6.9,22,92,0,2,45,4.2,10.2,2.4,28,5,140,0,0
Vance McDonald,PIT,29,TE,12,12,47,33,245,7.4,3,11,22,2.8,20.4,0.7,5.2,1,2,0,0,2,2,0.2,0.1,34,7.3,247,3,1
Xavier Grimble,PIT,27,te,3,1,3,1,3,3,0,0,3,0.3,1,0.33,1,0,0,0,0,0,0,0,0,1,3,3,0,0
Zach Gentry,PIT,23,TE,4,0,1,1,4,4,0,1,4,0.3,1,1,4,0,0,0,0,0,0,0,0,1,4,4,0,0
C.J. Prosise,SEA,25,RB,8,0,12,10,76,7.6,0,3,21,1.3,9.5,0.83,6.3,19,58,1,4,17,3.1,7.3,2.4,29,4.6,134,1,1
Chris Carson,SEA,25,RB,14,14,46,36,246,6.8,2,9,21,2.6,17.6,0.78,5.3,270,1190,7,73,59,4.4,85,19.3,306,4.7,1436,9,7
D.K. Metcalf,SEA,22,WR,14,13,87,52,819,15.8,6,33,54,3.7,58.5,0.6,9.4,2,11,0,0,7,5.5,0.8,0.1,54,15.4,830,6,3
David Moore,SEA,24,wr,12,1,30,14,250,17.9,2,12,60,1.2,20.8,0.47,8.3,2,6,0,0,4,3,0.5,0.2,16,16,256,2,1
Jacob Hollister,SEA,26,te,9,2,45,32,260,8.1,3,11,22,3.6,28.9,0.71,5.8,0,0,0,0,0,0,0,0,32,8.1,260,3,0
Jaron Brown,SEA,29,wr,12,4,26,16,220,13.8,2,10,48,1.3,18.3,0.62,8.5,0,0,0,0,0,0,0,0,16,13.8,220,2,1
Luke Willson,SEA,29,te,7,6,10,8,79,9.9,0,5,17,1.1,11.3,0.8,7.9,0,0,0,0,0,0,0,0,8,9.9,79,0,0
Malik Turner,SEA,23,wr,14,2,19,14,222,15.9,1,9,33,1,15.9,0.74,11.7,0,0,0,0,0,0,0,0,14,15.9,222,1,0
Nick Bellore,SEA,30,RB,12,1,1,1,20,20,0,1,20,0.1,1.7,1,20,0,0,0,0,0,0,0,0,1,20,20,0,0
Rashaad Penny,SEA,23,RB,10,0,11,8,83,10.4,1,3,30,0.8,8.3,0.73,7.5,65,370,3,16,58,5.7,37,6.5,73,6.2,453,4,1
Travis Homer,SEA,21,RB,14,0,0,0,0,0,0,0,0,0,0,0,0,3,36,0,2,29,12,2.6,0.2,3,12,36,0,0
Tyler Lockett,SEA,27,WR,14,14,96,75,994,13.3,7,48,44,5.4,71,0.78,10.4,4,-5,0,0,3,-1.3,-0.4,0.3,79,12.5,989,7,0
Will Dissly,SEA,23,te,6,6,27,23,262,11.4,4,14,38,3.8,43.7,0.85,9.7,1,7,0,0,7,7,1.2,0.2,24,11.2,269,4,1
Dante Pettis,SFO,24,wr,11,4,24,11,109,9.9,2,7,21,1,9.9,0.46,4.5,0,0,0,0,0,0,0,0,11,9.9,109,2,0
Deebo Samuel,SFO,23,WR,13,9,70,48,669,13.9,3,27,42,3.7,51.5,0.69,9.6,9,98,1,3,31,10.9,7.5,0.7,57,13.5,767,4,1
George Kittle,SFO,26,TE,12,12,92,73,888,12.2,4,43,61,6.1,74,0.79,9.7,4,15,0,1,18,3.8,1.3,0.3,77,11.7,903,4,1
Jeff Wilson,SFO,24,RB,10,0,5,3,34,11.3,1,1,25,0.3,3.4,0.6,6.8,27,105,4,9,25,3.9,10.5,2.7,30,4.6,139,5,0
Kendrick Bourne,SFO,24,WR,14,0,41,28,329,11.8,5,21,30,2,23.5,0.68,8,0,0,0,0,0,0,0,0,28,11.8,329,5,0
Kyle Juszczyk,SFO,28,RB,10,10,21,18,167,9.3,1,9,27,1.8,16.7,0.86,8,3,7,0,1,6,2.3,0.7,0.3,21,8.3,174,1,0
Levine Toilolo,SFO,28,TE,11,0,2,2,10,5,0,0,8,0.2,0.9,1,5,0,0,0,0,0,0,0,0,2,5,10,0,0
Marquise Goodwin,SFO,29,wr,9,6,21,12,186,15.5,1,10,38,1.3,20.7,0.57,8.9,1,15,0,1,15,15,1.7,0.1,13,15.5,201,1,0
Matt Breida,SFO,24,rb,11,5,21,19,120,6.3,1,6,17,1.7,10.9,0.91,5.7,119,607,1,23,83,5.1,55.2,10.8,138,5.3,727,2,2
Raheem Mostert,SFO,27,RB,14,0,19,13,164,12.6,2,6,39,0.9,11.7,0.68,8.6,116,662,5,26,41,5.7,47.3,8.3,129,6.4,826,7,2
Richie James,SFO,24,wr,14,1,10,6,165,27.5,1,5,57,0.4,11.8,0.6,16.5,2,-1,0,0,0,-0.5,-0.1,0.1,8,20.5,164,1,1
Ross Dwelley,SFO,24,te,14,6,21,14,66,4.7,2,7,11,1,4.7,0.67,3.1,0,0,0,0,0,0,0,0,14,4.7,66,2,0
Tevin Coleman,SFO,26,RB,12,9,28,20,173,8.7,1,9,37,1.7,14.4,0.71,6.2,127,500,6,24,48,3.9,41.7,10.6,147,4.6,673,7,0
Antony Auclair,TAM,26,te,8,5,3,1,11,11,0,1,11,0.1,1.4,0.33,3.7,0,0,0,0,0,0,0,0,1,11,11,0,0
Bobo Wilson,TAM,24,wr,6,1,11,3,35,11.7,0,2,14,0.5,5.8,0.27,3.2,0,0,0,0,0,0,0,0,3,11.7,35,0,3
Breshad Perriman,TAM,26,wr,12,2,49,24,409,17,5,20,44,2,34.1,0.49,8.3,2,16,0,1,13,8,1.3,0.2,26,16.3,425,5,0
Cameron Brate,TAM,28,TE,14,6,47,33,292,8.8,3,19,37,2.4,20.9,0.7,6.2,0,0,0,0,0,0,0,0,33,8.8,292,3,0
Chris Godwin,TAM,23,WR,14,14,120,86,1333,15.5,9,63,71,6.1,95.2,0.72,11.1,1,8,0,0,8,8,0.6,0.1,87,15.4,1341,9,0
Dare Ogunbowale,TAM,25,RB,14,0,41,32,252,7.9,0,12,21,2.3,18,0.78,6.1,10,13,2,3,12,1.3,0.9,0.7,42,6.3,265,2,1
Ishmael Hyman,TAM,24,WR,1,0,1,1,3,3,0,1,3,1,3,1,3,0,0,0,0,0,0,0,0,1,3,3,0,0
Justin Watson,TAM,24,WR,14,0,12,8,89,11.1,1,6,17,0.6,6.4,0.67,7.4,0,0,0,0,0,0,0,0,8,11.1,89,1,0
Mike Evans,TAM,26,WR,13,13,118,67,1157,17.3,8,54,67,5.2,89,0.57,9.8,0,0,0,0,0,0,0,0,67,17.3,1157,8,0
O.J. Howard,TAM,25,TE,12,12,47,31,413,13.3,1,21,33,2.6,34.4,0.66,8.8,0,0,0,0,0,0,0,0,31,13.3,413,1,1
Peyton Barber,TAM,25,RB,14,7,20,14,90,6.4,1,3,16,1,6.4,0.7,4.5,143,447,6,23,17,3.1,31.9,10.2,157,3.4,537,7,0
Ronald Jones,TAM,22,RB,14,7,34,26,267,10.3,0,11,41,1.9,19.1,0.77,7.9,147,541,5,27,25,3.7,38.6,10.5,173,4.7,808,5,1
Scott Miller,TAM,22,wr,10,2,26,13,200,15.4,1,5,48,1.3,20,0.5,7.7,2,16,0,1,18,8,1.6,0.2,15,14.4,216,1,0
T.J. Logan,TAM,25,RB,12,0,3,2,13,6.5,0,1,11,0.2,1.1,0.67,4.3,3,10,0,0,6,3.3,0.8,0.3,5,4.6,23,0,0
Tanner Hudson,TAM,25,te,8,1,4,2,26,13,0,1,14,0.3,3.3,0.5,6.5,0,0,0,0,0,0,0,0,2,13,26,0,0
A.J. Brown,TEN,22,WR,14,9,74,47,893,19,7,35,91,3.4,63.8,0.64,12.1,2,11,0,1,13,5.5,0.8,0.1,49,18.4,904,7,1
Adam Humphries,TEN,26,wr,12,3,47,37,374,10.1,2,20,30,3.1,31.2,0.79,8,1,1,0,0,1,1,0.1,0.1,38,9.9,375,2,1
Anthony Firkser,TEN,24,te,13,1,21,13,199,15.3,1,9,39,1,15.3,0.62,9.5,0,0,0,0,0,0,0,0,13,15.3,199,1,0
Cody Hollister,TEN,26,WR,4,0,2,2,13,6.5,0,0,11,0.5,3.3,1,6.5,0,0,0,0,0,0,0,0,2,6.5,13,0,0
Corey Davis,TEN,24,WR,13,9,60,36,517,14.4,2,26,38,2.8,39.8,0.6,8.6,0,0,0,0,0,0,0,0,36,14.4,517,2,1
Dalyn Dawkins,TEN,25,RB,1,0,0,0,0,0,0,0,0,0,0,0,0,2,2,0,0,1,1,2,2,2,1,2,0,0
Darius Jennings,TEN,27,WR,7,0,5,2,17,8.5,0,2,11,0.3,2.4,0.4,3.4,0,0,0,0,0,0,0,0,2,8.5,17,0,0
Delanie Walker,TEN,35,te,7,4,31,21,215,10.2,2,11,29,3,30.7,0.68,6.9,0,0,0,0,0,0,0,0,21,10.2,215,2,1
Derrick Henry,TEN,25,RB,14,14,24,18,206,11.4,2,4,75,1.3,14.7,0.75,8.6,271,1329,13,61,74,4.9,94.9,19.4,289,5.3,1535,15,5
Dion Lewis,TEN,29,RB,14,0,30,24,145,6,1,6,24,1.7,10.4,0.8,4.8,38,134,0,5,15,3.5,9.6,2.7,62,4.5,279,1,1
Jonnu Smith,TEN,24,TE,14,13,40,32,376,11.8,2,14,57,2.3,26.9,0.8,9.4,3,71,0,2,57,23.7,5.1,0.2,35,12.8,447,2,0
Kalif Raymond,TEN,25,wr,7,1,10,7,138,19.7,1,6,52,1,19.7,0.7,13.8,1,-5,0,0,-5,-5,-0.7,0.1,8,16.6,133,1,0
Khari Blasingame,TEN,23,rb,4,1,3,3,47,15.7,0,2,24,0.8,11.8,1,15.7,0,0,0,0,0,0,0,0,3,15.7,47,0,0
MyCole Pruitt,TEN,27,TE,14,9,4,2,62,31,0,2,42,0.1,4.4,0.5,15.5,0,0,0,0,0,0,0,0,2,31,62,0,0
Tajae Sharpe,TEN,25,wr,13,6,27,19,247,13,2,15,47,1.5,19,0.7,9.1,0,0,0,0,0,0,0,0,19,13,247,2,0
Adrian Peterson,WAS,34,RB,13,13,17,14,123,8.8,0,7,22,1.1,9.5,0.82,7.2,183,784,4,36,29,4.3,60.3,14.1,197,4.6,907,4,2
Chris Thompson,WAS,29,RB,9,0,51,37,360,9.7,0,14,39,4.1,40,0.73,7.1,26,93,0,3,12,3.6,10.3,2.9,63,7.2,453,0,1
Derrius Guice,WAS,22,rb,5,1,9,7,79,11.3,1,2,45,1.4,15.8,0.78,8.8,42,245,2,9,60,5.8,49,8.4,49,6.6,324,3,0
Hale Hentges,WAS,23,te,9,3,5,2,13,6.5,0,1,13,0.2,1.4,0.4,2.6,0,0,0,0,0,0,0,0,2,6.5,13,0,0
Jeremy Sprinkle,WAS,25,TE,14,11,31,21,209,10,1,11,23,1.5,14.9,0.68,6.7,0,0,0,0,0,0,0,0,21,10,209,1,1
Josh Ferguson,WAS,26,RB,1,0,0,0,0,0,0,0,0,0,0,0,0,3,9,0,1,7,3,9,3,3,3,9,0,0
Kelvin Harmon,WAS,23,WR,14,7,33,22,274,12.5,0,12,30,1.6,19.6,0.67,8.3,0,0,0,0,0,0,0,0,22,12.5,274,0,0
Paul Richardson,WAS,27,wr,10,6,42,28,245,8.8,2,13,22,2.8,24.5,0.67,5.8,1,0,0,0,0,0,0,0.1,29,8.4,245,2,0
Steven Sims,WAS,22,wr,14,1,38,23,165,7.2,1,11,19,1.6,11.8,0.61,4.3,6,82,1,1,65,13.7,5.9,0.4,29,8.5,247,2,1
Terry McLaurin,WAS,23,WR,13,13,84,51,833,16.3,7,40,75,3.9,64.1,0.61,9.9,0,0,0,0,0,0,0,0,51,16.3,833,7,0
Trey Quinn,WAS,24,wr,12,6,47,26,198,7.6,1,10,19,2.2,16.5,0.55,4.2,0,0,0,0,0,0,0,0,26,7.6,198,1,1
Vernon Davis,WAS,35,te,4,1,19,10,123,12.3,1,4,48,2.5,30.8,0.53,6.5,0,0,0,0,0,0,0,0,10,12.3,123,1,0
Wendell Smallwood,WAS,25,RB,13,0,13,9,64,7.1,0,4,18,0.7,4.9,0.69,4.9,19,76,0,4,17,4,5.8,1.5,28,5,140,0,0
0,0,0,0,0,0,0,0,0,0,0,0,0,0,0,0.00%,0,0,0,0,0,0,0,0,0,0,0,0,0,0
0,0,0,0,0,0,0,0,0,0,0,0,0,0,0,0.00%,0,0,0,0,0,0,0,0,0,0,0,0,0,0
0,0,0,0,0,0,0,0,0,0,0,0,0,0,0,0.00%,0,0,0,0,0,0,0,0,0,0,0,0,0,0
0,0,0,0,0,0,0,0,0,0,0,0,0,0,0,0.00%,0,0,0,0,0,0,0,0,0,0,0,0,0,0
0,0,0,0,0,0,0,0,0,0,0,0,0,0,0,0.00%,0,0,0,0,0,0,0,0,0,0,0,0,0,0
0,0,0,0,0,0,0,0,0,0,0,0,0,0,0,0.00%,0,0,0,0,0,0,0,0,0,0,0,0,0,0
0,0,0,0,0,0,0,0,0,0,0,0,0,0,0,0.00%,0,0,0,0,0,0,0,0,0,0,0,0,0,0
0,0,0,0,0,0,0,0,0,0,0,0,0,0,0,0.00%,0,0,0,0,0,0,0,0,0,0,0,0,0,0
0,0,0,0,0,0,0,0,0,0,0,0,0,0,0,0.00%,0,0,0,0,0,0,0,0,0,0,0,0,0,0
0,0,0,0,0,0,0,0,0,0,0,0,0,0,0,0.00%,0,0,0,0,0,0,0,0,0,0,0,0,0,0
0,0,0,0,0,0,0,0,0,0,0,0,0,0,0,0.00%,0,0,0,0,0,0,0,0,0,0,0,0,0,0
0,0,0,0,0,0,0,0,0,0,0,0,0,0,0,0.00%,0,0,0,0,0,0,0,0,0,0,0,0,0,0
0,0,0,0,0,0,0,0,0,0,0,0,0,0,0,0.00%,0,0,0,0,0,0,0,0,0,0,0,0,0,0
0,0,0,0,0,0,0,0,0,0,0,0,0,0,0,0.00%,0,0,0,0,0,0,0,0,0,0,0,0,0,0
0,0,0,0,0,0,0,0,0,0,0,0,0,0,0,0.00%,0,0,0,0,0,0,0,0,0,0,0,0,0,0
0,0,0,0,0,0,0,0,0,0,0,0,0,0,0,0.00%,0,0,0,0,0,0,0,0,0,0,0,0,0,0
0,0,0,0,0,0,0,0,0,0,0,0,0,0,0,0.00%,0,0,0,0,0,0,0,0,0,0,0,0,0,0
0,0,0,0,0,0,0,0,0,0,0,0,0,0,0,0.00%,0,0,0,0,0,0,0,0,0,0,0,0,0,0
0,0,0,0,0,0,0,0,0,0,0,0,0,0,0,0.00%,0,0,0,0,0,0,0,0,0,0,0,0,0,0
0,0,0,0,0,0,0,0,0,0,0,0,0,0,0,0.00%,0,0,0,0,0,0,0,0,0,0,0,0,0,0
0,0,0,0,0,0,0,0,0,0,0,0,0,0,0,0.00%,0,0,0,0,0,0,0,0,0,0,0,0,0,0
0,0,0,0,0,0,0,0,0,0,0,0,0,0,0,0.00%,0,0,0,0,0,0,0,0,0,0,0,0,0,0
0,0,0,0,0,0,0,0,0,0,0,0,0,0,0,0.00%,0,0,0,0,0,0,0,0,0,0,0,0,0,0
0,0,0,0,0,0,0,0,0,0,0,0,0,0,0,0.00%,0,0,0,0,0,0,0,0,0,0,0,0,0,0
0,0,0,0,0,0,0,0,0,0,0,0,0,0,0,0.00%,0,0,0,0,0,0,0,0,0,0,0,0,0,0
0,0,0,0,0,0,0,0,0,0,0,0,0,0,0,0.00%,0,0,0,0,0,0,0,0,0,0,0,0,0,0
0,0,0,0,0,0,0,0,0,0,0,0,0,0,0,0.00%,0,0,0,0,0,0,0,0,0,0,0,0,0,0
0,0,0,0,0,0,0,0,0,0,0,0,0,0,0,0.00%,0,0,0,0,0,0,0,0,0,0,0,0,0,0
0,0,0,0,0,0,0,0,0,0,0,0,0,0,0,0.00%,0,0,0,0,0,0,0,0,0,0,0,0,0,0
0,0,0,0,0,0,0,0,0,0,0,0,0,0,0,0.00%,0,0,0,0,0,0,0,0,0,0,0,0,0,0
0,0,0,0,0,0,0,0,0,0,0,0,0,0,0,0.00%,0,0,0,0,0,0,0,0,0,0,0,0,0,0
0,0,0,0,0,0,0,0,0,0,0,0,0,0,0,0.00%,0,0,0,0,0,0,0,0,0,0,0,0,0,0
0,0,0,0,0,0,0,0,0,0,0,0,0,0,0,0.00%,0,0,0,0,0,0,0,0,0,0,0,0,0,0
0,0,0,0,0,0,0,0,0,0,0,0,0,0,0,0.00%,0,0,0,0,0,0,0,0,0,0,0,0,0,0
0,0,0,0,0,0,0,0,0,0,0,0,0,0,0,0.00%,0,0,0,0,0,0,0,0,0,0,0,0,0,0
0,0,0,0,0,0,0,0,0,0,0,0,0,0,0,0.00%,0,0,0,0,0,0,0,0,0,0,0,0,0,0
0,0,0,0,0,0,0,0,0,0,0,0,0,0,0,0.00%,0,0,0,0,0,0,0,0,0,0,0,0,0,0
0,0,0,0,0,0,0,0,0,0,0,0,0,0,0,0.00%,0,0,0,0,0,0,0,0,0,0,0,0,0,0
0,0,0,0,0,0,0,0,0,0,0,0,0,0,0,0.00%,0,0,0,0,0,0,0,0,0,0,0,0,0,0
0,0,0,0,0,0,0,0,0,0,0,0,0,0,0,0.00%,0,0,0,0,0,0,0,0,0,0,0,0,0,0
0,0,0,0,0,0,0,0,0,0,0,0,0,0,0,0.00%,0,0,0,0,0,0,0,0,0,0,0,0,0,0
0,0,0,0,0,0,0,0,0,0,0,0,0,0,0,0.00%,0,0,0,0,0,0,0,0,0,0,0,0,0,0
0,0,0,0,0,0,0,0,0,0,0,0,0,0,0,0.00%,0,0,0,0,0,0,0,0,0,0,0,0,0,0
0,0,0,0,0,0,0,0,0,0,0,0,0,0,0,0.00%,0,0,0,0,0,0,0,0,0,0,0,0,0,0
0,0,0,0,0,0,0,0,0,0,0,0,0,0,0,0.00%,0,0,0,0,0,0,0,0,0,0,0,0,0,0
0,0,0,0,0,0,0,0,0,0,0,0,0,0,0,0.00%,0,0,0,0,0,0,0,0,0,0,0,0,0,0
0,0,0,0,0,0,0,0,0,0,0,0,0,0,0,0.00%,0,0,0,0,0,0,0,0,0,0,0,0,0,0
0,0,0,0,0,0,0,0,0,0,0,0,0,0,0,0.00%,0,0,0,0,0,0,0,0,0,0,0,0,0,0
0,0,0,0,0,0,0,0,0,0,0,0,0,0,0,0.00%,0,0,0,0,0,0,0,0,0,0,0,0,0,0
0,0,0,0,0,0,0,0,0,0,0,0,0,0,0,0.00%,0,0,0,0,0,0,0,0,0,0,0,0,0,0
0,0,0,0,0,0,0,0,0,0,0,0,0,0,0,0.00%,0,0,0,0,0,0,0,0,0,0,0,0,0,0
0,0,0,0,0,0,0,0,0,0,0,0,0,0,0,0.00%,0,0,0,0,0,0,0,0,0,0,0,0,0,0
0,0,0,0,0,0,0,0,0,0,0,0,0,0,0,0.00%,0,0,0,0,0,0,0,0,0,0,0,0,0,0
0,0,0,0,0,0,0,0,0,0,0,0,0,0,0,0.00%,0,0,0,0,0,0,0,0,0,0,0,0,0,0
0,0,0,0,0,0,0,0,0,0,0,0,0,0,0,0.00%,0,0,0,0,0,0,0,0,0,0,0,0,0,0
0,0,0,0,0,0,0,0,0,0,0,0,0,0,0,0.00%,0,0,0,0,0,0,0,0,0,0,0,0,0,0
0,0,0,0,0,0,0,0,0,0,0,0,0,0,0,0.00%,0,0,0,0,0,0,0,0,0,0,0,0,0,0
0,0,0,0,0,0,0,0,0,0,0,0,0,0,0,0.00%,0,0,0,0,0,0,0,0,0,0,0,0,0,0
0,0,0,0,0,0,0,0,0,0,0,0,0,0,0,0.00%,0,0,0,0,0,0,0,0,0,0,0,0,0,0
0,0,0,0,0,0,0,0,0,0,0,0,0,0,0,0.00%,0,0,0,0,0,0,0,0,0,0,0,0,0,0
0,0,0,0,0,0,0,0,0,0,0,0,0,0,0,0.00%,0,0,0,0,0,0,0,0,0,0,0,0,0,0
0,0,0,0,0,0,0,0,0,0,0,0,0,0,0,0.00%,0,0,0,0,0,0,0,0,0,0,0,0,0,0
0,0,0,0,0,0,0,0,0,0,0,0,0,0,0,0.00%,0,0,0,0,0,0,0,0,0,0,0,0,0,0
0,0,0,0,0,0,0,0,0,0,0,0,0,0,0,0.00%,0,0,0,0,0,0,0,0,0,0,0,0,0,0
0,0,0,0,0,0,0,0,0,0,0,0,0,0,0,0.00%,0,0,0,0,0,0,0,0,0,0,0,0,0,0
0,0,0,0,0,0,0,0,0,0,0,0,0,0,0,0.00%,0,0,0,0,0,0,0,0,0,0,0,0,0,0
0,0,0,0,0,0,0,0,0,0,0,0,0,0,0,0.00%,0,0,0,0,0,0,0,0,0,0,0,0,0,0
0,0,0,0,0,0,0,0,0,0,0,0,0,0,0,0.00%,0,0,0,0,0,0,0,0,0,0,0,0,0,0
0,0,0,0,0,0,0,0,0,0,0,0,0,0,0,0.00%,0,0,0,0,0,0,0,0,0,0,0,0,0,0
0,0,0,0,0,0,0,0,0,0,0,0,0,0,0,0.00%,0,0,0,0,0,0,0,0,0,0,0,0,0,0
