Emmanuel Sanders,34.1,32,14,13,83,58,774,13.3,5,75,4.1,55.3,69.90%,9.3,0,0,0,0,0,0,0,58,13.3,774,5,0,1.38,12.15,8.78,0.00,21.62,12.77,179.00,14.02,1.23,0.08
Kenyan Drake,9.7,25,11,7,59,43,295,6.9,0,26,3.9,26.8,72.90%,5,112,454,1,36,4.1,41.3,10.2,155,4.8,749,1,2,22.46,87.15,3.88,0.31,7.23,5.00,40.08,8.02,0.15,0.23
Mohamed Sanu,2.3,30,12,9,71,51,448,8.8,2,28,4.3,37.3,71.80%,6.3,3,11,0,8,3.7,0.9,0.3,54,8.5,459,2,0,0.38,2.62,6.80,0.00,16.00,9.46,125.54,13.27,0.77,0.08
Josh Gordon,5.4,28,10,6,46,26,368,14.2,1,44,2.6,36.8,56.50%,8,1,1,0,1,1,0.1,0.1,27,13.7,369,1,0,0.23,-0.31,-1.33,0.00,21.23,13.46,159.38,11.84,0.85,0.31
Pharoh Cooper,1.5,24,10,1,28,21,188,9,1,28,2.1,18.8,75.00%,6.7,1,2,0,2,2,0.2,0.1,22,8.6,190,1,0,0.38,3.00,7.80,0.00,19.08,11.38,150.00,13.18,0.92,0.23
Zay Jones,1.5,24,12,6,38,21,176,8.4,0,23,1.8,14.7,55.30%,4.6,1,3,0,3,3,0.3,0.1,22,8.1,179,0,0,0.69,3.08,4.44,0.00,19.54,12.62,164.31,13.02,0.69,0.08
Mack Hollins,0,26,13,3,23,10,125,12.5,0,20,0.8,9.6,43.50%,5.4,0,0,0,0,0,0,0,10,12.5,125,0,0,0.54,2.54,4.71,0.00,21.62,13.15,167.54,12.74,1.23,0.15
Deon Cain,3.2,23,10,5,17,7,114,16.3,0,35,0.7,11.4,41.20%,6.7,0,0,0,0,0,0,0,7,16.3,114,0,0,0.31,1.77,5.75,0.00,20.54,14.62,182.85,12.51,1.08,0.00
Nick Vannett,0,26,13,6,15,11,108,9.8,0,17,0.8,8.3,73.30%,7.2,0,0,0,0,0,0,0,11,9.8,108,0,0,0.00,0.00,0.00,0.00,8.08,6.15,75.46,12.26,1.00,0.00
J.P. Holtz,8.6,26,12,4,6,5,79,15.8,0,30,0.4,6.6,83.30%,13.2,0,0,0,0,0,0,0,5,15.8,79,0,0,0.08,0.15,2.00,0.00,7.38,5.38,53.15,9.87,0.38,0.08
David Johnson,13.3,28,11,8,46,35,366,10.5,4,31,3.2,33.3,76.10%,8,89,336,2,18,3.8,30.5,8.1,124,5.7,702,6,1,22.46,87.15,3.88,0.31,7.23,5.00,40.08,8.02,0.15,0.23
Chase Edmonds,0.9,23,10,2,21,12,105,8.8,1,31,1.2,10.5,57.10%,5,59,304,4,37,5.2,30.4,5.9,71,5.8,409,5,0,22.46,87.15,3.88,0.31,7.23,5.00,40.08,8.02,0.15,0.23
Charles Clay,7.5,30,13,8,21,16,203,12.7,1,47,1.2,15.6,76.20%,9.7,0,0,0,0,0,0,0,16,12.7,203,1,0,0.00,0.00,0.00,0.00,6.54,4.54,43.92,9.68,0.54,0.00
Maxx Williams,0,25,13,8,14,11,139,12.6,1,21,0.8,10.7,78.60%,9.9,0,0,0,0,0,0,0,11,12.6,139,1,0,0.00,0.00,0.00,0.00,6.54,4.54,43.92,9.68,0.54,0.00
Larry Fitzgerald,5,36,13,13,90,64,669,10.5,3,54,4.9,51.5,71.10%,7.4,0,0,0,0,0,0,0,64,10.5,669,3,1,0.38,3.00,7.80,0.00,19.08,11.38,150.00,13.18,0.92,0.23
Christian Kirk,16.9,23,10,10,88,57,616,10.8,3,69,5.7,61.6,64.80%,7,6,50,0,19,8.3,5,0.6,63,10.6,666,3,0,0.38,3.00,7.80,0.00,19.08,11.38,150.00,13.18,0.92,0.23
Andy Isabella,1.5,23,12,1,12,8,185,23.1,1,88,0.7,15.4,66.70%,15.4,3,16,0,6,5.3,1.3,0.3,11,18.3,201,1,0,0.38,3.00,7.80,0.00,19.08,11.38,150.00,13.18,0.92,0.23
Damiere Byrd,2,26,8,3,31,18,188,10.4,0,58,2.3,23.5,58.10%,6.1,0,0,0,0,0,0,0,18,10.4,188,0,0,0.38,3.00,7.80,0.00,19.08,11.38,150.00,13.18,0.92,0.23
Trent Sherfield,0,23,13,1,13,4,80,20,0,38,0.3,6.2,30.80%,6.2,0,0,0,0,0,0,0,4,20,80,0,0,0.38,3.00,7.80,0.00,19.08,11.38,150.00,13.18,0.92,0.23
Michael Crabtree,0,32,2,1,5,4,22,5.5,0,9,2,11,80.00%,4.4,0,0,0,0,0,0,0,4,5.5,22,0,0,0.38,3.00,7.80,0.00,19.08,11.38,150.00,13.18,0.92,0.23
Darrell Daniels,0,25,10,0,2,1,4,4,0,4,0.1,0.4,50.00%,2,0,0,0,0,0,0,0,1,4,4,0,0,0.00,0.00,0.00,0.00,6.54,4.54,43.92,9.68,0.54,0.00
Alfred Morris,0,31,1,0,0,0,0,0,0,0,0,0,0.00%,0,1,4,0,4,4,4,1,1,4,4,0,0,22.46,87.15,3.88,0.31,7.23,5.00,40.08,8.02,0.15,0.23
Keith Smith,0,27,13,4,2,0,0,0,0,0,0,0,0.00%,0,4,9,0,3,2.3,0.7,0.3,4,2.3,9,0,0,22.62,120.85,5.34,1.62,5.38,4.00,25.38,6.35,0.23,0.08
Devonta Freeman,19.4,27,11,11,53,46,305,6.6,3,28,4.2,27.7,86.80%,5.8,141,506,1,28,3.6,46,12.8,187,4.3,811,4,3,22.62,120.85,5.34,1.62,5.38,4.00,25.38,6.35,0.23,0.08
Brian Hill,12.2,24,9,2,14,10,69,6.9,1,12,1.1,7.7,71.40%,4.9,65,220,2,27,3.4,24.4,7.2,75,3.9,289,3,0,22.62,120.85,5.34,1.62,5.38,4.00,25.38,6.35,0.23,0.08
Austin Hooper,5.2,25,10,8,73,58,640,11,6,35,5.8,64,79.50%,8.8,0,0,0,0,0,0,0,58,11,640,6,0,0.00,0.00,0.00,0.00,5.08,3.38,45.15,13.34,0.23,0.00
Luke Stocker,0,31,12,7,11,6,34,5.7,0,18,0.5,2.8,54.50%,3.1,0,0,0,0,0,0,0,6,5.7,34,0,1,0.00,0.00,0.00,0.00,5.08,3.38,45.15,13.34,0.23,0.00
Julio Jones,11.6,30,12,12,109,69,1016,14.7,4,54,5.8,84.7,63.30%,9.3,2,-3,0,1,-1.5,-0.3,0.2,71,14.3,1013,4,1,0.46,3.92,8.50,0.08,23.23,15.08,185.23,12.29,0.77,0.08
Calvin Ridley,18.6,25,13,10,93,63,866,13.7,7,36,4.8,66.6,67.70%,9.3,2,34,0,19,17,2.6,0.2,65,13.8,900,7,0,0.46,3.92,8.50,0.08,23.23,15.08,185.23,12.29,0.77,0.08
Russell Gage,3.7,23,13,2,49,32,302,9.4,1,19,2.5,23.2,65.30%,6.2,1,-1,0,-1,-1,-0.1,0.1,33,9.1,301,1,1,0.46,3.92,8.50,0.08,23.23,15.08,185.23,12.29,0.77,0.08
Justin Hardy,2.9,28,13,1,22,16,155,9.7,0,23,1.2,11.9,72.70%,7,0,0,0,0,0,0,0,16,9.7,155,0,0,0.46,3.92,8.50,0.08,23.23,15.08,185.23,12.29,0.77,0.08
Christian Blake,0,23,6,1,21,11,91,8.3,0,13,1.8,15.2,52.40%,4.3,0,0,0,0,0,0,0,11,8.3,91,0,0,0.46,3.92,8.50,0.08,23.23,15.08,185.23,12.29,0.77,0.08
Jaeden Graham,0,24,13,0,10,9,149,16.6,1,53,0.7,11.5,90.00%,14.9,0,0,0,0,0,0,0,9,16.6,149,1,0,0.00,0.00,0.00,0.00,5.08,3.38,45.15,13.34,0.23,0.00
Kenjon Barner,0,29,11,0,6,5,18,3.6,0,13,0.5,1.6,83.30%,3,4,28,0,12,7,2.5,0.4,9,5.1,46,0,2,22.62,120.85,5.34,1.62,5.38,4.00,25.38,6.35,0.23,0.08
Qadree Ollison,0.6,23,5,0,2,1,7,7,0,7,0.2,1.4,50.00%,3.5,16,37,2,6,2.3,7.4,3.2,17,2.6,44,2,1,22.62,120.85,5.34,1.62,5.38,4.00,25.38,6.35,0.23,0.08
Mark Ingram,10.9,30,13,13,25,23,201,8.7,3,25,1.8,15.5,92.00%,8,181,887,9,53,4.9,68.2,13.9,204,5.3,1088,12,2,19.77,90.08,4.56,0.62,7.31,5.23,39.62,7.57,0.15,0.08
Mark Andrews,2.4,23,13,4,82,54,707,13.1,7,51,4.2,54.4,65.90%,8.6,0,0,0,0,0,0,0,54,13.1,707,7,2,0.00,0.00,0.00,0.00,5.23,3.62,36.62,10.13,0.31,0.00
Nick Boyle,9,26,13,12,37,27,291,10.8,2,35,2.1,22.4,73.00%,7.9,0,0,0,0,0,0,0,27,10.8,291,2,0,0.00,0.00,0.00,0.00,5.23,3.62,36.62,10.13,0.31,0.00
Hayden Hurst,16.3,26,13,3,32,26,286,11,2,61,2,22,81.30%,8.9,0,0,0,0,0,0,0,26,11,286,2,0,0.00,0.00,0.00,0.00,5.23,3.62,36.62,10.13,0.31,0.00
Marquise Brown,2.8,22,11,8,63,39,518,13.3,6,83,3.5,47.1,61.90%,8.2,0,0,0,0,0,0,0,39,13.3,518,6,0,0.46,3.62,7.83,0.08,20.69,12.38,135.23,10.92,0.46,0.38
Willie Snead,10.3,27,13,8,39,27,302,11.2,5,50,2.1,23.2,69.20%,7.7,1,2,0,2,2,0.2,0.1,28,10.9,304,5,0,0.46,3.62,7.83,0.08,20.69,12.38,135.23,10.92,0.46,0.38
Miles Boykin,0,23,13,10,18,11,185,16.8,2,50,0.8,14.2,61.10%,10.3,0,0,0,0,0,0,0,11,16.8,185,2,0,0.46,3.62,7.83,0.08,20.69,12.38,135.23,10.92,0.46,0.38
Chris Moore,0,26,11,1,5,3,21,7,0,13,0.3,1.9,60.00%,4.2,0,0,0,0,0,0,0,3,7,21,0,0,0.46,3.62,7.83,0.08,20.69,12.38,135.23,10.92,0.46,0.38
Gus Edwards,2,24,13,0,5,5,36,7.2,0,10,0.4,2.8,100.00%,7.2,95,480,2,63,5.1,36.9,7.3,100,5.2,516,2,0,19.77,90.08,4.56,0.62,7.31,5.23,39.62,7.57,0.15,0.08
Seth Roberts,1.8,28,13,0,28,16,182,11.4,1,25,1.2,14,57.10%,6.5,0,0,0,0,0,0,0,16,11.4,182,1,0,0.46,3.62,7.83,0.08,20.69,12.38,135.23,10.92,0.46,0.38
Justice Hill,0.8,22,13,0,9,4,28,7,0,10,0.3,2.2,44.40%,3.1,41,152,0,13,3.7,11.7,3.2,45,4,180,0,0,19.77,90.08,4.56,0.62,7.31,5.23,39.62,7.57,0.15,0.08
Patrick DiMarco,0,30,13,2,6,5,41,8.2,0,27,0.4,3.2,83.30%,6.8,3,7,0,4,2.3,0.5,0.2,8,6,48,0,0,18.08,82.46,4.56,0.77,5.08,3.92,30.38,7.75,0.08,0.08
Devin Singletary,17.8,22,10,6,37,26,190,7.3,2,49,2.6,19,70.30%,5.1,115,642,2,38,5.6,64.2,11.5,141,5.9,832,4,2,18.08,82.46,4.56,0.77,5.08,3.92,30.38,7.75,0.08,0.08
Frank Gore,0.6,36,13,7,12,10,84,8.4,0,18,0.8,6.5,83.30%,7,150,558,2,41,3.7,42.9,11.5,160,4,642,2,0,18.08,82.46,4.56,0.77,5.08,3.92,30.38,7.75,0.08,0.08
Dawson Knox,4.7,23,13,9,45,26,344,13.2,2,49,2,26.5,57.80%,7.6,1,9,0,9,9,0.7,0.1,27,13.1,353,2,0,0.08,-0.23,-3.00,0.00,5.46,3.54,40.08,11.33,0.15,0.00
Tyler Kroft,0,27,8,2,8,4,52,13,0,20,0.5,6.5,50.00%,6.5,0,0,0,0,0,0,0,4,13,52,0,0,0.08,-0.23,-3.00,0.00,5.46,3.54,40.08,11.33,0.15,0.00
Lee Smith,0,32,13,5,5,4,31,7.8,1,9,0.3,2.4,80.00%,6.2,0,0,0,0,0,0,0,4,7.8,31,1,0,0.08,-0.23,-3.00,0.00,5.46,3.54,40.08,11.33,0.15,0.00
John Brown,5.6,29,13,13,101,64,908,14.2,5,40,4.9,69.8,63.40%,9,1,4,0,4,4,0.3,0.1,65,14,912,5,0,0.54,4.31,8.00,0.00,22.77,13.38,166.31,12.43,0.62,0.31
Cole Beasley,14.9,30,13,9,88,59,664,11.3,6,51,4.5,51.1,67.00%,7.5,0,0,0,0,0,0,0,59,11.3,664,6,0,0.54,4.31,8.00,0.00,22.77,13.38,166.31,12.43,0.62,0.31
Isaiah McKenzie,5.5,24,12,6,32,23,236,10.3,1,46,1.9,19.7,71.90%,7.4,6,19,0,10,3.2,1.6,0.5,29,8.8,255,1,0,0.54,4.31,8.00,0.00,22.77,13.38,166.31,12.43,0.62,0.31
Robert Foster,0,25,10,1,13,3,64,21.3,0,24,0.3,6.4,23.10%,4.9,2,29,0,22,14.5,2.9,0.2,5,18.6,93,0,0,0.54,4.31,8.00,0.00,22.77,13.38,166.31,12.43,0.62,0.31
Andre Roberts,0,31,11,0,5,2,13,6.5,0,7,0.2,1.2,40.00%,2.6,1,7,0,7,7,0.6,0.1,3,6.7,20,0,1,0.54,4.31,8.00,0.00,22.77,13.38,166.31,12.43,0.62,0.31
Alex Armah,0,25,13,1,2,2,6,3,0,4,0.2,0.5,100.00%,3,6,11,1,4,1.8,0.8,0.5,8,2.1,17,1,0,21.85,87.92,4.02,0.54,7.23,5.54,40.38,7.29,0.23,0.08
Christian McCaffrey,24.5,23,13,13,107,86,726,8.4,4,25,6.6,55.8,80.40%,6.8,246,1220,12,84,5,93.8,18.9,332,5.9,1946,16,1,21.85,87.92,4.02,0.54,7.23,5.54,40.38,7.29,0.23,0.08
Ian Thomas,16.7,23,13,2,19,10,85,8.5,1,19,0.8,6.5,52.60%,4.5,0,0,0,0,0,0,0,10,8.5,85,1,0,0.00,0.00,0.00,0.00,7.00,4.38,50.85,11.60,0.38,0.00
D.J. Moore,12.1,22,13,13,121,78,1061,13.6,4,52,6,81.6,64.50%,8.8,5,30,0,13,6,2.3,0.4,83,13.1,1091,4,1,0.69,2.31,3.33,0.00,18.23,12.92,178.69,13.83,1.08,0.15
Curtis Samuel,6.2,23,13,12,89,45,566,12.6,5,44,3.5,43.5,50.60%,6.4,13,103,1,16,7.9,7.9,1,58,11.5,669,6,0,0.69,2.31,3.33,0.00,18.23,12.92,178.69,13.83,1.08,0.15
Jarius Wright,7,30,13,7,44,24,258,10.8,0,33,1.8,19.8,54.50%,5.9,1,-7,0,-7,-7,-0.5,0.1,25,10,251,0,0,0.69,2.31,3.33,0.00,18.23,12.92,178.69,13.83,1.08,0.15
Reggie Bonnafon,0.6,23,13,0,7,4,18,4.5,0,7,0.3,1.4,57.10%,2.6,12,101,1,59,8.4,7.8,0.9,16,7.4,119,1,0,21.85,87.92,4.02,0.54,7.23,5.54,40.38,7.29,0.23,0.08
Mike Davis,0,26,9,1,8,7,22,3.1,0,7,0.8,2.4,87.50%,2.8,11,25,0,8,2.3,2.8,1.2,18,2.6,47,0,0,21.85,87.92,4.02,0.54,7.23,5.54,40.38,7.29,0.23,0.08
DeAndrew White,0,28,7,0,1,1,8,8,0,8,0.1,1.1,100.00%,8,0,0,0,0,0,0,0,1,8,8,0,0,0.69,2.31,3.33,0.00,18.23,12.92,178.69,13.83,1.08,0.15
David Montgomery,6.6,22,13,7,33,23,173,7.5,1,30,1.8,13.3,69.70%,5.2,192,680,5,55,3.5,52.3,14.8,215,4,853,6,2,20.92,85.38,4.08,0.69,7.77,6.00,46.38,7.73,0.08,0.15
Tarik Cohen,9.1,24,13,9,80,60,330,5.5,3,31,4.6,25.4,75.00%,4.1,50,157,0,13,3.1,12.1,3.8,110,4.4,487,3,2,20.92,85.38,4.08,0.69,7.77,6.00,46.38,7.73,0.08,0.15
Jesper Horsted,7.6,22,3,1,6,6,58,9.7,1,18,2,19.3,100.00%,9.7,0,0,0,0,0,0,0,6,9.7,58,1,0,0.08,0.15,2.00,0.00,7.38,5.38,53.15,9.87,0.38,0.08
Allen Robinson,21.8,26,13,12,116,76,898,11.8,7,49,5.8,69.1,65.50%,7.7,0,0,0,0,0,0,0,76,11.8,898,7,0,0.69,3.38,4.89,0.00,17.62,10.69,136.23,12.74,0.85,0.00
Anthony Miller,13.2,25,13,4,67,41,531,13,1,35,3.2,40.8,61.20%,7.9,1,-1,0,-1,-1,-0.1,0.1,42,12.6,530,1,1,0.69,3.38,4.89,0.00,17.62,10.69,136.23,12.74,0.85,0.00
Cordarrelle Patterson,3.8,28,13,3,12,9,72,8,0,33,0.7,5.5,75.00%,6,13,73,0,46,5.6,5.6,1,22,6.6,145,0,0,0.69,3.38,4.89,0.00,17.62,10.69,136.23,12.74,0.85,0.00
Javon Wims,0,25,13,4,23,12,137,11.4,1,37,0.9,10.5,52.20%,6,0,0,0,0,0,0,0,12,11.4,137,1,0,0.69,3.38,4.89,0.00,17.62,10.69,136.23,12.74,0.85,0.00
Joe Mixon,27.6,23,13,12,39,29,230,7.9,3,33,2.2,17.7,74.40%,5.9,206,789,3,30,3.8,60.7,15.8,235,4.3,1019,6,0,21.46,101.15,4.71,0.54,6.15,4.85,43.00,8.87,0.23,0.23
Giovani Bernard,6.6,28,13,2,37,26,212,8.2,0,35,2,16.3,70.30%,5.7,43,136,0,25,3.2,10.5,3.3,69,5,348,0,2,21.46,101.15,4.71,0.54,6.15,4.85,43.00,8.87,0.23,0.23
Tyler Eifert,8.9,29,13,3,48,34,301,8.9,2,27,2.6,23.2,70.80%,6.3,0,0,0,0,0,0,0,34,8.9,301,2,0,0.15,2.15,14.00,0.00,5.77,3.85,45.62,11.86,0.46,0.00
C.J. Uzomah,1.4,26,13,13,28,17,172,10.1,0,36,1.3,13.2,60.70%,6.1,0,0,0,0,0,0,0,17,10.1,172,0,0,0.15,2.15,14.00,0.00,5.77,3.85,45.62,11.86,0.46,0.00
Tyler Boyd,13.2,25,13,13,119,73,833,11.4,3,47,5.6,64.1,61.30%,7,4,23,0,10,5.8,1.8,0.3,77,11.1,856,3,2,0.85,6.15,7.27,0.00,19.38,11.54,149.31,12.94,0.85,0.08
Auden Tate,2.6,22,12,10,80,40,575,14.4,1,33,3.3,47.9,50.00%,7.2,0,0,0,0,0,0,0,40,14.4,575,1,1,0.85,6.15,7.27,0.00,19.38,11.54,149.31,12.94,0.85,0.08
Alex Erickson,10.5,27,13,3,60,35,452,12.9,0,52,2.7,34.8,58.30%,7.5,4,28,0,17,7,2.2,0.3,39,12.3,480,0,3,0.85,6.15,7.27,0.00,19.38,11.54,149.31,12.94,0.85,0.08
John Ross,4.8,25,5,5,35,18,356,19.8,3,66,3.6,71.2,51.40%,10.2,0,0,0,0,0,0,0,18,19.8,356,3,1,0.85,6.15,7.27,0.00,19.38,11.54,149.31,12.94,0.85,0.08
Damion Willis,0,22,10,2,16,9,82,9.1,0,17,0.9,8.2,56.30%,5.1,0,0,0,0,0,0,0,9,9.1,82,0,0,0.85,6.15,7.27,0.00,19.38,11.54,149.31,12.94,0.85,0.08
Stanley Morgan,0,23,9,0,10,3,18,6,0,9,0.3,2,30.00%,1.8,0,0,0,0,0,0,0,3,6,18,0,0,0.85,6.15,7.27,0.00,19.38,11.54,149.31,12.94,0.85,0.08
Nick Chubb,12.7,24,13,13,43,32,256,8,0,32,2.5,19.7,74.40%,6,253,1281,7,88,5.1,98.5,19.5,285,5.4,1537,7,3,24.38,115.62,4.74,0.77,5.92,4.92,45.38,9.22,0.23,0.23
Kareem Hunt,14.8,24,5,1,28,22,158,7.2,1,29,4.4,31.6,78.60%,5.6,34,153,2,16,4.5,30.6,6.8,56,5.6,311,3,1,24.38,115.62,4.74,0.77,5.92,4.92,45.38,9.22,0.23,0.23
Ricky Seals-Jones,3.2,24,11,2,16,10,177,17.7,2,59,0.9,16.1,62.50%,11.1,0,0,0,0,0,0,0,10,17.7,177,2,0,0.15,0.54,3.50,0.00,5.77,4.15,50.85,12.24,0.31,0.08
Stephen Carlson,0,23,6,5,6,4,44,11,1,21,0.7,7.3,66.70%,7.3,0,0,0,0,0,0,0,4,11,44,1,0,0.15,0.54,3.50,0.00,5.77,4.15,50.85,12.24,0.31,0.08
David Njoku,1.4,23,3,1,10,5,41,8.2,1,18,1.7,13.7,50.00%,4.1,0,0,0,0,0,0,0,5,8.2,41,1,0,0.15,0.54,3.50,0.00,5.77,4.15,50.85,12.24,0.31,0.08
Jarvis Landry,11.6,27,13,13,115,69,995,14.4,5,65,5.3,76.5,60.00%,8.7,1,10,0,10,10,0.8,0.1,70,14.4,1005,5,0,1.31,5.69,4.35,0.00,16.38,10.15,157.23,15.48,0.69,0.08
Odell Beckham,5.9,27,13,13,108,59,844,14.3,2,89,4.5,64.9,54.60%,7.8,3,10,0,11,3.3,0.8,0.2,62,13.8,854,2,1,1.31,5.69,4.35,0.00,16.38,10.15,157.23,15.48,0.69,0.08
Damion Ratley,0,24,10,2,16,8,103,12.9,0,29,0.8,10.3,50.00%,6.4,0,0,0,0,0,0,0,8,12.9,103,0,0,1.31,5.69,4.35,0.00,16.38,10.15,157.23,15.48,0.69,0.08
Rashard Higgins,0,25,8,1,11,4,55,13.8,1,35,0.5,6.9,36.40%,5,0,0,0,0,0,0,0,4,13.8,55,1,0,1.31,5.69,4.35,0.00,16.38,10.15,157.23,15.48,0.69,0.08
Dontrell Hilliard,0,24,12,0,14,11,88,8,0,19,0.9,7.3,78.60%,6.3,13,49,2,11,3.8,4.1,1.1,24,5.7,137,2,2,24.38,115.62,4.74,0.77,5.92,4.92,45.38,9.22,0.23,0.23
KhaDarel Hodge,0,24,13,0,5,2,51,25.5,0,41,0.2,3.9,40.00%,10.2,0,0,0,0,0,0,0,2,25.5,51,0,0,1.31,5.69,4.35,0.00,16.38,10.15,157.23,15.48,0.69,0.08
Ezekiel Elliott,23.3,24,13,13,55,41,338,8.2,1,27,3.2,26,74.50%,6.1,246,1071,9,31,4.4,82.4,18.9,287,4.9,1409,10,3,23.00,84.62,3.68,0.92,7.77,5.85,40.00,6.84,0.08,0.08
Jason Witten,8.7,37,13,13,71,53,455,8.6,3,33,4.1,35,74.60%,6.4,0,0,0,0,0,0,0,53,8.6,455,3,1,0.00,0.00,0.00,0.00,8.38,6.23,58.92,9.46,0.31,0.00
Blake Jarwin,11,25,13,6,36,28,311,11.1,3,42,2.2,23.9,77.80%,8.6,0,0,0,0,0,0,0,28,11.1,311,3,1,0.00,0.00,0.00,0.00,8.38,6.23,58.92,9.46,0.31,0.00
Amari Cooper,20.3,25,13,13,100,70,1054,15.1,8,53,5.4,81.1,70.00%,10.5,0,0,0,0,0,0,0,70,15.1,1054,8,0,0.23,1.31,5.67,0.00,19.23,11.69,147.69,12.63,0.62,0.15
Michael Gallup,16.9,23,11,9,92,55,905,16.5,3,62,5,82.3,59.80%,9.8,0,0,0,0,0,0,0,55,16.5,905,3,0,0.23,1.31,5.67,0.00,19.23,11.69,147.69,12.63,0.62,0.15
Randall Cobb,6.3,29,12,5,68,44,677,15.4,3,59,3.7,56.4,64.70%,10,3,11,0,7,3.7,0.9,0.3,47,14.6,688,3,2,0.23,1.31,5.67,0.00,19.23,11.69,147.69,12.63,0.62,0.15
Tavon Austin,0,29,11,0,19,10,112,11.2,0,23,0.9,10.2,52.60%,5.9,4,44,1,20,11,4,0.4,14,11.1,156,1,1,0.23,1.31,5.67,0.00,19.23,11.69,147.69,12.63,0.62,0.15
Ventell Bryant,0,23,9,0,1,1,15,15,1,15,0.1,1.7,100.00%,15,0,0,0,0,0,0,0,1,15,15,1,0,0.23,1.31,5.67,0.00,19.23,11.69,147.69,12.63,0.62,0.15
Dalton Schultz,0,23,13,0,1,1,6,6,0,6,0.1,0.5,100.00%,6,0,0,0,0,0,0,0,1,6,6,0,0,0.00,0.00,0.00,0.00,8.38,6.23,58.92,9.46,0.31,0.00
Andrew Beck,3.9,23,13,3,6,4,68,17,0,29,0.3,5.2,66.70%,11.3,0,0,0,0,0,0,0,4,17,68,0,0,20.54,90.54,4.41,0.38,8.38,7.31,62.08,8.49,0.54,0.00
Phillip Lindsay,13.5,25,13,13,42,33,187,5.7,0,36,2.5,14.4,78.60%,4.5,180,817,6,40,4.5,62.8,13.8,213,4.7,1004,6,0,20.54,90.54,4.41,0.38,8.38,7.31,62.08,8.49,0.54,0.00
Noah Fant,21.3,22,13,9,59,35,492,14.1,3,75,2.7,37.8,59.30%,8.3,3,-12,0,-2,-4,-0.9,0.2,38,12.6,480,3,1,0.00,0.00,0.00,0.00,7.00,4.77,57.62,12.08,0.38,0.00
Jeff Heuerman,7.8,27,11,9,17,12,101,8.4,1,26,1.1,9.2,70.60%,5.9,0,0,0,0,0,0,0,12,8.4,101,1,0,0.00,0.00,0.00,0.00,7.00,4.77,57.62,12.08,0.38,0.00
Troy Fumagalli,1.3,24,8,5,6,4,22,5.5,1,9,0.5,2.8,66.70%,3.7,0,0,0,0,0,0,0,4,5.5,22,1,0,0.00,0.00,0.00,0.00,7.00,4.77,57.62,12.08,0.38,0.00
Courtland Sutton,8.4,24,13,11,96,59,940,15.9,6,70,4.5,72.3,61.50%,9.8,3,17,0,9,5.7,1.3,0.2,62,15.4,957,6,1,0.46,0.08,0.17,0.00,20.08,12.00,160.77,13.40,1.15,0.00
DaeSean Hamilton,5.6,24,13,2,31,15,154,10.3,0,28,1.2,11.8,48.40%,5,0,0,0,0,0,0,0,15,10.3,154,0,0,0.46,0.08,0.17,0.00,20.08,12.00,160.77,13.40,1.15,0.00
Tim Patrick,7,26,5,1,16,7,130,18.6,0,38,1.4,26,43.80%,8.1,0,0,0,0,0,0,0,7,18.6,130,0,0,0.46,0.08,0.17,0.00,20.08,12.00,160.77,13.40,1.15,0.00
Diontae Spencer,0,27,13,1,8,6,31,5.2,0,20,0.5,2.4,75.00%,3.9,2,14,0,9,7,1.1,0.2,8,5.6,45,0,1,0.46,0.08,0.17,0.00,20.08,12.00,160.77,13.40,1.15,0.00
Fred Brown,0,26,10,1,3,2,21,10.5,0,16,0.2,2.1,66.70%,7,0,0,0,0,0,0,0,2,10.5,21,0,1,0.46,0.08,0.17,0.00,20.08,12.00,160.77,13.40,1.15,0.00
Royce Freeman,11.2,23,13,0,43,36,225,6.3,1,19,2.8,17.3,83.70%,5.2,116,460,2,26,4,35.4,8.9,152,4.5,685,3,0,20.54,90.54,4.41,0.38,8.38,7.31,62.08,8.49,0.54,0.00
Devontae Booker,4.4,27,13,0,5,3,38,12.7,0,25,0.2,2.9,60.00%,7.6,1,4,0,4,4,0.3,0.1,4,10.5,42,0,0,20.54,90.54,4.41,0.38,8.38,7.31,62.08,8.49,0.54,0.00
J.D. McKissic,5.8,26,13,3,37,31,222,7.2,1,26,2.4,17.1,83.80%,6,37,203,0,44,5.5,15.6,2.8,68,6.3,425,1,0,21.85,91.92,4.21,0.38,5.77,4.08,31.62,7.75,0.31,0.08
Bo Scarbrough,8,23,4,4,4,1,5,5,0,5,0.3,1.3,25.00%,1.3,72,301,1,30,4.2,75.3,18,73,4.2,306,1,1,21.85,91.92,4.21,0.38,5.77,4.08,31.62,7.75,0.31,0.08
Ty Johnson,2,22,13,1,24,20,92,4.6,0,13,1.5,7.1,83.30%,3.8,55,185,0,17,3.4,14.2,4.2,75,3.7,277,0,0,21.85,91.92,4.21,0.38,5.77,4.08,31.62,7.75,0.31,0.08
Logan Thomas,4.1,28,13,2,18,13,141,10.8,1,17,1,10.8,72.20%,7.8,0,0,0,0,0,0,0,13,10.8,141,1,0,0.38,0.38,1.00,0.00,9.46,6.08,56.08,9.23,0.08,0.08
Jesse James,3.3,25,13,8,18,10,94,9.4,0,23,0.8,7.2,55.60%,5.2,0,0,0,0,0,0,0,10,9.4,94,0,0,0.38,0.38,1.00,0.00,9.46,6.08,56.08,9.23,0.08,0.08
Kenny Golladay,17.8,26,13,13,93,53,1008,19,10,75,4.1,77.5,57.00%,10.8,0,0,0,0,0,0,0,53,19,1008,10,1,0.69,2.31,3.33,0.00,20.77,14.00,171.46,12.25,1.31,0.23
Marvin Jones,6.8,29,13,11,91,62,779,12.6,9,47,4.8,59.9,68.10%,8.6,2,0,0,4,0,0,0.2,64,12.2,779,9,0,0.69,2.31,3.33,0.00,20.77,14.00,171.46,12.25,1.31,0.23
Danny Amendola,8.4,34,12,7,77,50,539,10.8,1,47,4.2,44.9,64.90%,7,0,0,0,0,0,0,0,50,10.8,539,1,0,0.69,2.31,3.33,0.00,20.77,14.00,171.46,12.25,1.31,0.23
C.J. Anderson,0,28,2,0,0,0,0,0,0,0,0,0,0.00%,0,16,43,0,9,2.7,21.5,8,16,2.7,43,0,0,21.85,91.92,4.21,0.38,5.77,4.08,31.62,7.75,0.31,0.08
Paul Perkins,0,25,4,0,1,1,9,9,0,9,0.3,2.3,100.00%,9,12,29,0,13,2.4,7.3,3,13,2.9,38,0,0,21.85,91.92,4.21,0.38,5.77,4.08,31.62,7.75,0.31,0.08
Danny Vitale,0,26,13,4,11,7,97,13.9,0,27,0.5,7.5,63.60%,8.8,1,3,0,3,3,0.2,0.1,8,12.5,100,0,0,26.15,111.77,4.27,0.62,7.62,5.69,47.54,8.35,0.15,0.23
Aaron Jones,31.2,25,13,13,59,45,425,9.4,3,67,3.5,32.7,76.30%,7.2,175,779,12,42,4.5,59.9,13.5,220,5.5,1204,15,2,26.15,111.77,4.27,0.62,7.62,5.69,47.54,8.35,0.15,0.23
Jamaal Williams,2.4,24,12,2,42,36,227,6.3,5,17,3,18.9,85.70%,5.4,93,401,1,45,4.3,33.4,7.8,129,4.9,628,6,0,26.15,111.77,4.27,0.62,7.62,5.69,47.54,8.35,0.15,0.23
Jimmy Graham,7.9,33,13,7,48,32,382,11.9,3,48,2.5,29.4,66.70%,8,0,0,0,0,0,0,0,32,11.9,382,3,0,0.15,0.00,0.00,0.00,7.00,5.08,54.46,10.73,0.46,0.00
Marcedes Lewis,1.5,35,13,9,16,12,136,11.3,1,25,0.9,10.5,75.00%,8.5,0,0,0,0,0,0,0,12,11.3,136,1,0,0.15,0.00,0.00,0.00,7.00,5.08,54.46,10.73,0.46,0.00
Robert Tonyan,8.2,25,8,1,10,7,86,12.3,1,28,0.9,10.8,70.00%,8.6,0,0,0,0,0,0,0,7,12.3,86,1,0,0.15,0.00,0.00,0.00,7.00,5.08,54.46,10.73,0.46,0.00
Davante Adams,8.1,27,9,9,85,56,685,12.2,3,58,6.2,76.1,65.90%,8.1,0,0,0,0,0,0,0,56,12.2,685,3,1,0.77,4.15,5.40,0.08,16.54,11.54,142.00,12.31,1.15,0.15
Marquez Valdes-Scantling,0,25,13,8,47,23,427,18.6,2,74,1.8,32.8,48.90%,9.1,2,9,0,9,4.5,0.7,0.2,25,17.4,436,2,0,0.77,4.15,5.40,0.08,16.54,11.54,142.00,12.31,1.15,0.15
Allen Lazard,3.9,24,13,1,32,24,349,14.5,2,43,1.8,26.8,75.00%,10.9,1,21,0,21,21,1.6,0.1,25,14.8,370,2,0,0.77,4.15,5.40,0.08,16.54,11.54,142.00,12.31,1.15,0.15
Geronimo Allison,2.1,25,13,6,45,29,251,8.7,2,31,2.2,19.3,64.40%,5.6,1,7,0,7,7,0.5,0.1,30,8.6,258,2,1,0.77,4.15,5.40,0.08,16.54,11.54,142.00,12.31,1.15,0.15
Jake Kumerow,0,27,11,4,17,10,163,16.3,1,37,0.9,14.8,58.80%,9.6,0,0,0,0,0,0,0,10,16.3,163,1,0,0.77,4.15,5.40,0.08,16.54,11.54,142.00,12.31,1.15,0.15
Darrius Shepherd,0,24,6,0,2,1,1,1,0,1,0.2,0.2,50.00%,0.5,0,0,0,0,0,0,0,1,1,1,0,1,0.77,4.15,5.40,0.08,16.54,11.54,142.00,12.31,1.15,0.15
Carlos Hyde,9.8,29,13,11,15,9,32,3.6,0,14,0.7,2.5,60.00%,2.1,198,926,4,58,4.7,71.2,15.2,207,4.6,958,4,4,24.15,94.92,3.93,0.54,7.23,5.69,39.31,6.91,0.15,0.23
Duke Johnson,10.5,26,13,2,49,36,334,9.3,3,21,2.8,25.7,73.50%,6.8,75,390,1,40,5.2,30,5.8,111,6.5,724,4,0,24.15,94.92,3.93,0.54,7.23,5.69,39.31,6.91,0.15,0.23
Jordan Akins,8.9,27,13,7,44,29,357,12.3,2,53,2.2,27.5,65.90%,8.1,0,0,0,0,0,0,0,29,12.3,357,2,0,0.00,0.00,0.00,0.00,7.62,5.15,50.08,9.72,0.23,0.00
Darren Fells,2.2,33,13,12,43,30,312,10.4,7,24,2.3,24,69.80%,7.3,0,0,0,0,0,0,0,30,10.4,312,7,0,0.00,0.00,0.00,0.00,7.62,5.15,50.08,9.72,0.23,0.00
DeAndre Hopkins,26.2,27,13,13,133,93,1023,11,7,43,7.2,78.7,69.90%,7.7,2,18,0,12,9,1.4,0.2,95,11,1041,7,0,0.54,6.77,12.57,0.00,17.00,10.69,139.38,13.04,0.77,0.08
Kenny Stills,2.8,27,11,4,43,32,469,14.7,2,45,2.9,42.6,74.40%,10.9,0,0,0,0,0,0,0,32,14.7,469,2,0,0.54,6.77,12.57,0.00,17.00,10.69,139.38,13.04,0.77,0.08
Keke Coutee,9.8,22,8,4,33,21,247,11.8,0,51,2.6,30.9,63.60%,7.5,2,14,1,10,7,1.8,0.3,23,11.3,261,1,1,0.54,6.77,12.57,0.00,17.00,10.69,139.38,13.04,0.77,0.08
DeAndre Carter,0,26,13,2,5,3,53,17.7,0,46,0.2,4.1,60.00%,10.6,0,0,0,0,0,0,0,3,17.7,53,0,2,0.54,6.77,12.57,0.00,17.00,10.69,139.38,13.04,0.77,0.08
Buddy Howell,0,23,13,0,0,0,0,0,0,0,0,0,0.00%,0,2,5,0,4,2.5,0.4,0.2,2,2.5,5,0,0,24.15,94.92,3.93,0.54,7.23,5.69,39.31,6.91,0.15,0.23
Marlon Mack,9.8,23,11,9,14,12,76,6.3,0,14,1.1,6.9,85.70%,5.4,205,900,5,63,4.4,81.8,18.6,217,4.5,976,5,0,18.46,58.69,3.18,0.38,7.23,5.46,32.15,5.89,0.08,0.31
Nyheim Hines,4.5,23,13,2,50,38,294,7.7,0,21,2.9,22.6,76.00%,5.9,42,151,2,18,3.6,11.6,3.2,80,5.6,445,2,1,18.46,58.69,3.18,0.38,7.23,5.46,32.15,5.89,0.08,0.31
Jonathan Williams,0,25,6,1,5,5,59,11.8,0,31,0.8,9.8,100.00%,11.8,49,235,1,48,4.8,39.2,8.2,54,5.4,294,1,0,18.46,58.69,3.18,0.38,7.23,5.46,32.15,5.89,0.08,0.31
Jordan Wilkins,0.1,25,12,1,8,6,36,6,0,11,0.5,3,75.00%,4.5,39,213,0,55,5.5,17.8,3.3,45,5.5,249,0,0,18.46,58.69,3.18,0.38,7.23,5.46,32.15,5.89,0.08,0.31
Jack Doyle,4.7,29,13,13,59,38,404,10.6,4,23,2.9,31.1,64.40%,6.8,0,0,0,0,0,0,0,38,10.6,404,4,1,0.00,0.00,0.00,0.00,7.92,5.23,63.92,12.22,0.54,0.00
Mo Alie-Cox,1.8,26,13,1,9,6,57,9.5,0,16,0.5,4.4,66.70%,6.3,0,0,0,0,0,0,0,6,9.5,57,0,0,0.00,0.00,0.00,0.00,7.92,5.23,63.92,12.22,0.54,0.00
Ross Travis,1.1,26,2,1,4,3,32,10.7,0,25,1.5,16,75.00%,8,0,0,0,0,0,0,0,3,10.7,32,0,1,0.00,0.00,0.00,0.00,7.92,5.23,63.92,12.22,0.54,0.00
Zach Pascal,20.4,25,13,11,60,35,547,15.6,5,37,2.7,42.1,58.30%,9.1,1,12,0,12,12,0.9,0.1,36,15.5,559,5,0,0.69,5.00,7.22,0.08,25.08,15.00,203.00,13.53,1.62,0.15
Marcus Johnson,19.5,25,5,3,21,12,207,17.3,2,50,2.4,41.4,57.10%,9.9,0,0,0,0,0,0,0,12,17.3,207,2,0,0.69,5.00,7.22,0.08,25.08,15.00,203.00,13.53,1.62,0.15
Parris Campbell,4.2,22,7,3,24,18,127,7.1,1,27,2.6,18.1,75.00%,5.3,4,34,0,22,8.5,4.9,0.6,22,7.3,161,1,3,0.69,5.00,7.22,0.08,25.08,15.00,203.00,13.53,1.62,0.15
Ashton Dulin,0,22,10,0,1,1,13,13,0,13,0.1,1.3,100.00%,13,0,0,0,0,0,0,0,1,13,13,0,0,0.69,5.00,7.22,0.08,25.08,15.00,203.00,13.53,1.62,0.15
Leonard Fournette,9.3,24,13,13,87,68,457,6.7,0,27,5.2,35.2,78.20%,5.3,235,1039,3,81,4.4,79.9,18.1,303,4.9,1496,3,1,22.31,92.62,4.15,0.69,7.00,5.54,41.00,7.40,0.31,0.00
Ben Koyack,0,26,8,3,3,1,9,9,0,9,0.1,1.1,33.30%,3,0,0,0,0,0,0,0,1,9,9,0,0,0.00,0.00,0.00,0.00,5.92,3.85,43.31,11.26,0.38,0.00
DJ Chark,16.5,23,13,12,106,67,956,14.3,8,69,5.2,73.5,63.20%,9,2,20,0,20,10,1.5,0.2,69,14.1,976,8,0,0.38,1.31,3.40,0.00,15.85,11.08,124.23,11.22,0.69,0.00
Chris Conley,1.7,27,13,11,71,38,632,16.6,2,70,2.9,48.6,53.50%,8.9,0,0,0,0,0,0,0,38,16.6,632,2,0,0.38,1.31,3.40,0.00,15.85,11.08,124.23,11.22,0.69,0.00
Dede Westbrook,8.5,26,12,9,85,55,569,10.3,2,39,4.6,47.4,64.70%,6.7,4,20,0,8,5,1.7,0.3,59,10,589,2,1,0.38,1.31,3.40,0.00,15.85,11.08,124.23,11.22,0.69,0.00
Keelan Cole,2.2,26,13,0,23,17,195,11.5,2,31,1.3,15,73.90%,8.5,0,0,0,0,0,0,0,17,11.5,195,2,0,0.38,1.31,3.40,0.00,15.85,11.08,124.23,11.22,0.69,0.00
Ryquell Armstead,0.7,23,13,0,15,9,92,10.2,1,31,0.7,7.1,60.00%,6.1,23,72,0,16,3.1,5.5,1.8,32,5.1,164,1,0,22.31,92.62,4.15,0.69,7.00,5.54,41.00,7.40,0.31,0.00
C.J. Board,0,26,2,0,3,1,23,23,0,23,0.5,11.5,33.30%,7.7,0,0,0,0,0,0,0,1,23,23,0,0,0.38,1.31,3.40,0.00,15.85,11.08,124.23,11.22,0.69,0.00
Michael Walker,1.9,23,5,0,3,2,15,7.5,0,9,0.4,3,66.70%,5,0,0,0,0,0,0,0,2,7.5,15,0,1,0.38,1.31,3.40,0.00,15.85,11.08,124.23,11.22,0.69,0.00
LeSean McCoy,5.3,31,12,8,34,28,181,6.5,1,23,2.3,15.1,82.40%,5.3,95,449,4,39,4.7,37.4,7.9,123,5.1,630,5,3,18.38,74.69,4.06,0.08,6.46,4.46,32.69,7.33,0.08,0.31
Travis Kelce,18,30,13,13,109,75,989,13.2,4,47,5.8,76.1,68.80%,9.1,1,4,1,4,4,0.3,0.1,76,13.1,993,5,1,0.08,0.31,4.00,0.08,5.77,4.00,42.15,10.54,0.31,0.08
Blake Bell,0,28,12,6,8,3,10,3.3,0,7,0.3,0.8,37.50%,1.3,0,0,0,0,0,0,0,3,3.3,10,0,0,0.08,0.31,4.00,0.08,5.77,4.00,42.15,10.54,0.31,0.08
Tyreek Hill,13,25,9,9,72,44,660,15,5,57,4.9,73.3,61.10%,9.2,7,22,0,5,3.1,2.4,0.8,51,13.4,682,5,0,0.31,5.31,17.25,0.08,20.31,10.23,118.15,11.55,0.23,0.15
Sammy Watkins,9,26,11,10,79,46,588,12.8,3,68,4.2,53.5,58.20%,7.4,2,12,0,11,6,1.1,0.2,48,12.5,600,3,2,0.31,5.31,17.25,0.08,20.31,10.23,118.15,11.55,0.23,0.15
Mecole Hardman,11.8,21,13,4,38,24,498,20.8,6,83,1.8,38.3,63.20%,13.1,4,17,0,9,4.3,1.3,0.3,28,18.4,515,6,2,0.31,5.31,17.25,0.08,20.31,10.23,118.15,11.55,0.23,0.15
Demarcus Robinson,2.2,25,13,9,48,28,391,14,3,44,2.2,30.1,58.30%,8.1,0,0,0,0,0,0,0,28,14,391,3,0,0.31,5.31,17.25,0.08,20.31,10.23,118.15,11.55,0.23,0.15
Byron Pringle,2.4,26,13,0,16,12,170,14.2,1,28,0.9,13.1,75.00%,10.6,0,0,0,0,0,0,0,12,14.2,170,1,0,0.31,5.31,17.25,0.08,20.31,10.23,118.15,11.55,0.23,0.15
Darwin Thompson,8.3,23,9,0,8,7,46,6.6,0,19,0.8,5.1,87.50%,5.8,20,59,1,9,3,6.6,2.2,27,3.9,105,1,0,18.38,74.69,4.06,0.08,6.46,4.46,32.69,7.33,0.08,0.31
Anthony Sherman,0,31,13,0,3,2,22,11,0,15,0.2,1.7,66.70%,7.3,4,9,0,5,2.3,0.7,0.3,6,5.2,31,0,0,18.38,74.69,4.06,0.08,6.46,4.46,32.69,7.33,0.08,0.31
Derek Watt,6.4,27,13,1,5,3,32,10.7,0,21,0.2,2.5,60.00%,6.4,7,10,1,3,1.4,0.8,0.5,10,4.2,42,1,0,21.77,119.15,5.47,1.08,5.77,4.69,45.23,9.64,0.23,0.15
Austin Ekeler,31.3,24,13,7,84,73,830,11.4,8,84,5.6,63.8,86.90%,9.9,112,481,3,35,4.3,37,8.6,185,7.1,1311,11,2,21.77,119.15,5.47,1.08,5.77,4.69,45.23,9.64,0.23,0.15
Melvin Gordon,19.4,26,9,8,34,25,152,6.1,1,25,2.8,16.9,73.50%,4.5,132,523,5,24,4,58.1,14.7,157,4.3,675,6,2,21.77,119.15,5.47,1.08,5.77,4.69,45.23,9.64,0.23,0.15
Hunter Henry,11.9,25,9,9,61,43,536,12.5,4,30,4.8,59.6,70.50%,8.8,0,0,0,0,0,0,0,43,12.5,536,4,0,0.08,0.31,4.00,0.00,5.23,3.62,43.00,11.89,0.54,0.00
Virgil Green,8.4,31,12,4,11,8,74,9.3,1,15,0.7,6.2,72.70%,6.7,0,0,0,0,0,0,0,8,9.3,74,1,0,0.08,0.31,4.00,0.00,5.23,3.62,43.00,11.89,0.54,0.00
Lance Kendricks,0,31,9,1,7,3,50,16.7,0,24,0.3,5.6,42.90%,7.1,0,0,0,0,0,0,0,3,16.7,50,0,0,0.08,0.31,4.00,0.00,5.23,3.62,43.00,11.89,0.54,0.00
Keenan Allen,13.3,27,13,13,119,81,947,11.7,5,45,6.2,72.8,68.10%,8,2,21,0,18,10.5,1.6,0.2,83,11.7,968,5,0,0.77,5.54,7.20,0.00,19.23,11.69,163.62,13.99,0.69,0.08
Mike Williams,14.3,25,12,12,72,40,841,21,1,56,3.3,70.1,55.60%,11.7,1,2,0,2,2,0.2,0.1,41,20.6,843,1,0,0.77,5.54,7.20,0.00,19.23,11.69,163.62,13.99,0.69,0.08
Andre Patton,0,25,10,4,11,3,30,10,0,15,0.3,3,27.30%,2.7,0,0,0,0,0,0,0,3,10,30,0,0,0.77,5.54,7.20,0.00,19.23,11.69,163.62,13.99,0.69,0.08
Jason Moore,0,24,7,0,4,2,43,21.5,0,32,0.3,6.1,50.00%,10.8,0,0,0,0,0,0,0,2,21.5,43,0,0,0.77,5.54,7.20,0.00,19.23,11.69,163.62,13.99,0.69,0.08
Troymaine Pope,0,26,11,0,3,2,14,7,1,13,0.2,1.3,66.70%,4.7,10,20,0,8,2,1.8,0.9,12,2.8,34,1,1,21.77,119.15,5.47,1.08,5.77,4.69,45.23,9.64,0.23,0.15
Todd Gurley,21.3,25,12,12,39,26,168,6.5,1,23,2.2,14,66.70%,4.3,177,721,9,25,4.1,60.1,14.8,203,4.4,889,10,3,18.77,75.23,4.01,0.92,6.69,5.46,48.85,8.94,0.08,0.38
Malcolm Brown,8.1,26,11,1,4,1,10,10,0,10,0.1,0.9,25.00%,2.5,59,230,4,17,3.9,20.9,5.4,60,4,240,4,0,18.77,75.23,4.01,0.92,6.69,5.46,48.85,8.94,0.08,0.38
Tyler Higbee,18.6,26,12,12,52,40,435,10.9,2,33,3.3,36.3,76.90%,8.4,0,0,0,0,0,0,0,40,10.9,435,2,0,0.00,0.00,0.00,0.00,9.31,6.46,70.62,10.93,0.46,0.08
Johnny Mundt,0,25,10,2,3,1,9,9,0,9,0.1,0.9,33.30%,3,0,0,0,0,0,0,0,1,9,9,0,0,0.00,0.00,0.00,0.00,9.31,6.46,70.62,10.93,0.46,0.08
Robert Woods,25.7,27,12,12,107,71,933,13.1,1,48,5.9,77.8,66.40%,8.7,14,100,1,20,7.1,8.3,1.2,85,12.2,1033,2,0,0.92,10.46,11.33,0.00,21.69,13.00,163.08,12.54,0.77,0.15
Cooper Kupp,14.5,26,13,11,114,77,990,12.9,7,66,5.9,76.2,67.50%,8.7,2,4,0,6,2,0.3,0.2,79,12.6,994,7,2,0.92,10.46,11.33,0.00,21.69,13.00,163.08,12.54,0.77,0.15
Brandin Cooks,0,26,11,11,53,31,458,14.8,1,57,2.8,41.6,58.50%,8.6,6,52,0,27,8.7,4.7,0.5,37,13.8,510,1,0,0.92,10.46,11.33,0.00,21.69,13.00,163.08,12.54,0.77,0.15
Josh Reynolds,2.9,24,13,2,35,17,258,15.2,1,31,1.3,19.8,48.60%,7.4,5,23,0,12,4.6,1.8,0.4,22,12.8,281,1,0,0.92,10.46,11.33,0.00,21.69,13.00,163.08,12.54,0.77,0.15
Darrell Henderson,0,22,11,0,6,4,37,9.3,0,14,0.4,3.4,66.70%,6.2,37,140,0,22,3.8,12.7,3.4,41,4.3,177,0,0,18.77,75.23,4.01,0.92,6.69,5.46,48.85,8.94,0.08,0.38
John Kelly,0,23,3,0,0,0,0,0,0,0,0,0,0.00%,0,3,9,0,6,3,3,1,3,3,9,0,0,18.77,75.23,4.01,0.92,6.69,5.46,48.85,8.94,0.08,0.38
Mike Thomas,0,25,13,0,4,1,9,9,0,9,0.1,0.7,25.00%,2.3,0,0,0,0,0,0,0,1,9,9,0,0,0.92,10.46,11.33,0.00,21.69,13.00,163.08,12.54,0.77,0.15
Patrick Laird,12.6,24,12,1,19,16,147,9.2,0,21,1.3,12.3,84.20%,7.7,31,84,1,16,2.7,7,2.6,47,4.9,231,1,0,21.15,62.46,2.95,0.69,7.85,6.23,49.08,7.88,0.08,0.08
Mike Gesicki,1.6,24,13,4,62,37,407,11,2,34,2.8,31.3,59.70%,6.6,0,0,0,0,0,0,0,37,11,407,2,1,0.00,0.31,0.00,0.00,5.92,3.85,40.23,10.46,0.15,0.00
Durham Smythe,1.2,24,13,11,9,4,39,9.8,0,24,0.3,3,44.40%,4.3,0,0,0,0,0,0,0,4,9.8,39,0,0,0.00,0.31,0.00,0.00,5.92,3.85,40.23,10.46,0.15,0.00
Clive Walford,0.4,28,5,2,2,1,8,8,0,8,0.2,1.6,50.00%,4,0,4,0,4,0,0.8,0,1,12,12,0,0,0.00,0.31,0.00,0.00,5.92,3.85,40.23,10.46,0.15,0.00
DeVante Parker,4.8,26,13,11,95,55,882,16,6,50,4.2,67.8,57.90%,9.3,0,0,0,0,0,0,0,55,16,882,6,0,0.54,2.54,4.71,0.00,21.62,13.15,167.54,12.74,1.23,0.15
Allen Hurns,11.8,28,12,6,44,29,366,12.6,2,27,2.4,30.5,65.90%,8.3,0,0,0,0,0,0,0,29,12.6,366,2,1,0.54,2.54,4.71,0.00,21.62,13.15,167.54,12.74,1.23,0.15
Albert Wilson,1.5,27,10,2,39,26,154,5.9,1,22,2.6,15.4,66.70%,3.9,4,36,0,28,9,3.6,0.4,30,6.3,190,1,0,0.54,2.54,4.71,0.00,21.62,13.15,167.54,12.74,1.23,0.15
Isaiah Ford,15.2,23,5,0,15,8,101,12.6,0,25,1.6,20.2,53.30%,6.7,0,0,0,0,0,0,0,8,12.6,101,0,0,0.54,2.54,4.71,0.00,21.62,13.15,167.54,12.74,1.23,0.15
Myles Gaskin,2.1,22,5,0,6,4,19,4.8,0,7,0.8,3.8,66.70%,3.2,11,35,0,11,3.2,7,2.2,15,3.6,54,0,0,21.15,62.46,2.95,0.69,7.85,6.23,49.08,7.88,0.08,0.08
C.J. Ham,3.5,26,13,6,18,12,124,10.3,1,36,0.9,9.5,66.70%,6.9,4,8,0,9,2,0.6,0.3,16,8.3,132,1,1,24.23,99.85,4.12,0.85,7.00,5.31,56.46,10.64,0.62,0.38
Dalvin Cook,15.5,24,13,13,60,50,503,10.1,0,31,3.8,38.7,83.30%,8.4,241,1108,13,75,4.6,85.2,18.5,291,5.5,1611,13,4,24.23,99.85,4.12,0.85,7.00,5.31,56.46,10.64,0.62,0.38
Kyle Rudolph,3.1,30,13,13,43,35,312,8.9,6,32,2.7,24,81.40%,7.3,0,0,0,0,0,0,0,35,8.9,312,6,0,0.08,2.08,27.00,0.00,5.92,4.31,50.46,11.71,0.38,0.00
Irv Smith Jr.,5.1,21,13,7,39,31,288,9.3,1,29,2.4,22.2,79.50%,7.4,0,0,0,0,0,0,0,31,9.3,288,1,1,0.08,2.08,27.00,0.00,5.92,4.31,50.46,11.71,0.38,0.00
Tyler Conklin,4.3,24,12,1,9,7,49,7,0,20,0.6,4.1,77.80%,5.4,0,0,0,0,0,0,0,7,7,49,0,0,0.08,2.08,27.00,0.00,5.92,4.31,50.46,11.71,0.38,0.00
Stefon Diggs,15.2,26,13,13,83,56,997,17.8,5,66,4.3,76.7,67.50%,12,4,57,0,27,14.3,4.4,0.3,60,17.6,1054,5,4,0.31,1.77,5.75,0.00,22.69,13.38,182.62,13.64,1.00,0.31
Olabisi Johnson,7.9,22,13,4,38,26,235,9,3,23,2,18.1,68.40%,6.2,0,0,0,0,0,0,0,26,9,235,3,0,0.31,1.77,5.75,0.00,22.69,13.38,182.62,13.64,1.00,0.31
Alexander Mattison,8.4,21,13,0,12,10,82,8.2,0,17,0.8,6.3,83.30%,6.8,100,462,1,35,4.6,35.5,7.7,110,4.9,544,1,1,24.23,99.85,4.12,0.85,7.00,5.31,56.46,10.64,0.62,0.38
Laquon Treadwell,6.2,24,10,0,13,9,184,20.4,1,58,0.9,18.4,69.20%,14.2,0,0,0,0,0,0,0,9,20.4,184,1,0,0.31,1.77,5.75,0.00,22.69,13.38,182.62,13.64,1.00,0.31
Ameer Abdullah,1.2,26,13,0,8,6,43,7.2,1,16,0.5,3.3,75.00%,5.4,8,41,0,15,5.1,3.2,0.6,14,6,84,1,1,24.23,99.85,4.12,0.85,7.00,5.31,56.46,10.64,0.62,0.38
Mike Boone,1.3,24,13,0,0,0,0,0,0,0,0,0,0.00%,0,8,41,0,24,5.1,3.2,0.6,8,5.1,41,0,0,24.23,99.85,4.12,0.85,7.00,5.31,56.46,10.64,0.62,0.38
Alvin Kamara,6.3,24,11,8,82,68,462,6.8,1,41,6.2,42,82.90%,5.6,138,612,1,30,4.4,55.6,12.5,206,5.2,1074,2,4,19.77,84.85,4.29,0.23,5.77,4.23,26.92,6.36,0.00,0.31
Latavius Murray,11.4,29,13,6,36,29,190,6.6,1,30,2.2,14.6,80.60%,5.3,113,533,5,30,4.7,41,8.7,142,5.1,723,6,0,19.77,84.85,4.29,0.23,5.77,4.23,26.92,6.36,0.00,0.31
Jared Cook,20.4,32,11,7,55,34,523,15.4,6,40,3.1,47.5,61.80%,9.5,0,0,0,0,0,0,0,34,15.4,523,6,0,0.00,0.00,0.00,0.00,5.54,3.69,29.92,8.10,0.46,0.08
Josh Hill,8.4,29,13,8,29,21,186,8.9,2,29,1.6,14.3,72.40%,6.4,0,0,0,0,0,0,0,21,8.9,186,2,0,0.00,0.00,0.00,0.00,5.54,3.69,29.92,8.10,0.46,0.08
Michael Thomas,30.4,26,13,12,147,121,1424,11.8,7,49,9.3,109.5,82.30%,9.7,1,-9,0,-9,-9,-0.7,0.1,122,11.6,1415,7,1,1.08,7.77,7.21,0.08,18.31,10.54,119.77,11.36,0.85,0.31
Ted Ginn,9,34,13,9,52,28,398,14.2,2,45,2.2,30.6,53.80%,7.7,3,18,0,12,6,1.4,0.2,31,13.4,416,2,0,1.08,7.77,7.21,0.08,18.31,10.54,119.77,11.36,0.85,0.31
Dwayne Washington,0,25,13,0,1,1,6,6,0,6,0.1,0.5,100.00%,6,3,38,0,31,12.7,2.9,0.2,4,11,44,0,0,19.77,84.85,4.29,0.23,5.77,4.23,26.92,6.36,0.00,0.31
Deonte Harris,3.1,22,11,0,4,4,23,5.8,0,13,0.4,2.1,100.00%,5.8,2,18,0,10,9,1.6,0.2,6,6.8,41,0,2,1.08,7.77,7.21,0.08,18.31,10.54,119.77,11.36,0.85,0.31
James White,12.4,27,12,1,83,62,539,8.7,3,59,5.2,44.9,74.70%,6.5,59,241,1,32,4.1,20.1,4.9,121,6.4,780,4,0,23.46,116.85,4.98,0.69,8.38,5.92,60.85,10.27,0.38,0.23
Sony Michel,1.9,24,13,11,16,10,75,7.5,0,19,0.8,5.8,62.50%,4.7,189,653,6,26,3.5,50.2,14.5,199,3.7,728,6,1,23.46,116.85,4.98,0.69,8.38,5.92,60.85,10.27,0.38,0.23
Rex Burkhead,1.5,29,10,1,31,20,190,9.5,0,32,2,19,64.50%,6.1,48,181,1,12,3.8,18.1,4.8,68,5.5,371,1,0,23.46,116.85,4.98,0.69,8.38,5.92,60.85,10.27,0.38,0.23
Brandon Bolden,7,29,12,2,11,9,111,12.3,1,29,0.8,9.3,81.80%,10.1,15,68,3,21,4.5,5.7,1.3,24,7.5,179,4,0,23.46,116.85,4.98,0.69,8.38,5.92,60.85,10.27,0.38,0.23
Ben Watson,1.7,39,7,7,20,13,154,11.8,0,26,1.9,22,65.00%,7.7,0,0,0,0,0,0,0,13,11.8,154,0,0,0.00,0.00,0.00,0.00,9.69,6.54,62.46,9.55,0.31,0.00
Matt LaCosse,3.4,27,8,5,15,9,101,11.2,0,24,1.1,12.6,60.00%,6.7,0,0,0,0,0,0,0,9,11.2,101,0,0,0.00,0.00,0.00,0.00,9.69,6.54,62.46,9.55,0.31,0.00
Julian Edelman,24.3,33,13,11,135,90,1010,11.2,6,44,6.9,77.7,66.70%,7.5,8,27,0,9,3.4,2.1,0.6,98,10.6,1037,6,2,0.38,2.62,6.80,0.00,16.00,9.46,125.54,13.27,0.77,0.08
Phillip Dorsett,0,26,11,4,50,28,347,12.4,5,58,2.5,31.5,56.00%,6.9,3,21,0,9,7,1.9,0.3,31,11.9,368,5,0,0.38,2.62,6.80,0.00,16.00,9.46,125.54,13.27,0.77,0.08
Jakobi Meyers,4.5,23,12,1,38,23,334,14.5,0,35,1.9,27.8,60.50%,8.8,0,0,0,0,0,0,0,23,14.5,334,0,0,0.38,2.62,6.80,0.00,16.00,9.46,125.54,13.27,0.77,0.08
Saquon Barkley,9.7,22,10,10,60,41,292,7.1,1,65,4.1,29.2,68.30%,4.9,154,610,2,59,4,61,15.4,195,4.6,902,3,1,19.00,68.85,3.62,0.62,7.62,5.46,40.23,7.37,0.08,0.08
Jon Hilliman,0,24,3,1,4,3,1,0.3,0,5,1,0.3,75.00%,0.3,30,91,0,10,3,30.3,10,33,2.8,92,0,2,19.00,68.85,3.62,0.62,7.62,5.46,40.23,7.37,0.08,0.08
Elijhaa Penny,0,26,13,1,4,2,9,4.5,0,9,0.2,0.7,50.00%,2.3,14,41,0,6,2.9,3.2,1.1,16,3.1,50,0,0,19.00,68.85,3.62,0.62,7.62,5.46,40.23,7.37,0.08,0.08
Kaden Smith,2.9,22,6,3,20,14,97,6.9,1,32,2.3,16.2,70.00%,4.9,0,0,0,0,0,0,0,14,6.9,97,1,1,0.00,0.00,0.00,0.00,6.00,4.00,41.69,10.42,0.31,0.08
Scott Simonson,0,27,3,1,1,1,10,10,0,10,0.3,3.3,100.00%,10,0,0,0,0,0,0,0,1,10,10,0,0,0.00,0.00,0.00,0.00,6.00,4.00,41.69,10.42,0.31,0.08
Darius Slayton,32.4,22,11,7,70,42,659,15.7,7,55,3.8,59.9,60.00%,9.4,0,0,0,0,0,0,0,42,15.7,659,7,0,0.85,8.85,10.45,0.15,19.62,11.69,172.54,14.76,1.38,0.00
Golden Tate,2.1,31,8,8,62,37,461,12.5,4,64,4.6,57.6,59.70%,7.4,1,16,0,16,16,2,0.1,38,12.6,477,4,1,0.85,8.85,10.45,0.15,19.62,11.69,172.54,14.76,1.38,0.00
Sterling Shepard,7.6,26,7,7,56,37,350,9.5,2,36,5.3,50,66.10%,6.3,6,72,0,23,12,10.3,0.9,43,9.8,422,2,0,0.85,8.85,10.45,0.15,19.62,11.69,172.54,14.76,1.38,0.00
Cody Latimer,0,27,12,9,30,16,223,13.9,1,43,1.3,18.6,53.30%,7.4,0,0,0,0,0,0,0,16,13.9,223,1,0,0.85,8.85,10.45,0.15,19.62,11.69,172.54,14.76,1.38,0.00
T.J. Jones,0,27,3,0,4,3,38,12.7,1,28,1,12.7,75.00%,9.5,0,0,0,0,0,0,0,3,12.7,38,1,3,0.85,8.85,10.45,0.15,19.62,11.69,172.54,14.76,1.38,0.00
Cody Core,0,25,13,0,5,3,28,9.3,0,11,0.2,2.2,60.00%,5.6,0,0,0,0,0,0,0,3,9.3,28,0,0,0.85,8.85,10.45,0.15,19.62,11.69,172.54,14.76,1.38,0.00
Javorius Allen,0,28,7,0,0,0,0,0,0,0,0,0,0.00%,0,1,4,0,4,4,0.6,0.1,1,4,4,0,0,19.00,68.85,3.62,0.62,7.62,5.46,40.23,7.37,0.08,0.08
Bilal Powell,10.8,31,11,1,10,6,28,4.7,0,9,0.5,2.5,60.00%,2.8,51,199,0,17,3.9,18.1,4.6,57,4,227,0,0,27.08,125.00,4.62,0.62,5.46,4.62,40.31,8.73,0.38,0.08
Ryan Griffin,1.8,29,13,13,41,34,320,9.4,5,45,2.6,24.6,82.90%,7.8,0,0,0,0,0,0,0,34,9.4,320,5,0,0.00,0.00,0.00,0.00,7.00,4.85,55.69,11.49,0.23,0.00
Daniel Brown,1.7,27,13,2,4,3,36,12,1,20,0.2,2.8,75.00%,9,0,0,0,0,0,0,0,3,12,36,1,0,0.00,0.00,0.00,0.00,7.00,4.85,55.69,11.49,0.23,0.00
Trevon Wesco,0,24,13,1,1,1,15,15,0,15,0.1,1.2,100.00%,15,1,2,0,2,2,0.2,0.1,2,8.5,17,0,0,0.00,0.00,0.00,0.00,7.00,4.85,55.69,11.49,0.23,0.00
Robby Anderson,25,26,13,12,79,43,662,15.4,4,92,3.3,50.9,54.40%,8.4,1,4,0,4,4,0.3,0.1,44,15.1,666,4,1,0.46,1.62,3.50,0.00,19.62,11.62,169.54,14.60,1.77,0.00
Jamison Crowder,6,26,13,9,93,60,618,10.3,3,30,4.6,47.5,64.50%,6.6,1,4,0,4,4,0.3,0.1,61,10.2,622,3,0,0.46,1.62,3.50,0.00,19.62,11.62,169.54,14.60,1.77,0.00
Demaryius Thomas,10.8,32,11,10,58,36,433,12,1,47,3.3,39.4,62.10%,7.5,0,0,0,0,0,0,0,36,12,433,1,0,0.46,1.62,3.50,0.00,19.62,11.62,169.54,14.60,1.77,0.00
Ty Montgomery,9.1,26,13,1,15,11,84,7.6,0,21,0.8,6.5,73.30%,5.6,28,91,0,15,3.3,7,2.2,39,4.5,175,0,0,0.46,1.62,3.50,0.00,19.62,11.62,169.54,14.60,1.77,0.00
Vyncint Smith,4.7,23,10,2,18,8,117,14.6,0,37,0.8,11.7,44.40%,6.5,2,32,1,19,16,3.2,0.2,10,14.9,149,1,1,0.46,1.62,3.50,0.00,19.62,11.62,169.54,14.60,1.77,0.00
Braxton Berrios,0,24,13,0,11,5,104,20.8,0,69,0.4,8,45.50%,9.5,0,0,0,0,0,0,0,5,20.8,104,0,1,0.46,1.62,3.50,0.00,19.62,11.62,169.54,14.60,1.77,0.00
Josh Adams,0,23,3,0,0,0,0,0,0,0,0,0,0.00%,0,8,12,0,10,1.5,4,2.7,8,1.5,12,0,0,27.08,125.00,4.62,0.62,5.46,4.62,40.31,8.73,0.38,0.08
Alec Ingold,-0.1,23,13,4,3,3,22,7.3,1,14,0.2,1.7,100.00%,7.3,9,17,0,4,1.9,1.3,0.7,12,3.3,39,1,0,21.38,84.92,3.97,0.69,8.46,6.54,49.46,7.56,0.23,0.15
DeAndre Washington,21.6,26,13,1,26,24,210,8.8,0,28,1.8,16.2,92.30%,8.1,62,209,2,14,3.4,16.1,4.8,86,4.9,419,2,0,21.38,84.92,3.97,0.69,8.46,6.54,49.46,7.56,0.23,0.15
Darren Waller,11.3,27,13,13,93,72,880,12.2,3,48,5.5,67.7,77.40%,9.5,2,5,0,7,2.5,0.4,0.2,74,12,885,3,1,0.00,0.00,0.00,0.00,7.77,5.23,58.62,11.21,0.54,0.15
Foster Moreau,10.4,22,13,7,25,21,174,8.3,5,23,1.6,13.4,84.00%,7,0,0,0,0,0,0,0,21,8.3,174,5,0,0.00,0.00,0.00,0.00,7.77,5.23,58.62,11.21,0.54,0.15
Derek Carrier,0,29,13,4,14,9,87,9.7,1,25,0.7,6.7,64.30%,6.2,1,27,0,27,27,2.1,0.1,10,11.4,114,1,0,0.00,0.00,0.00,0.00,7.77,5.23,58.62,11.21,0.54,0.15
Tyrell Williams,6.5,27,11,9,57,36,524,14.6,5,46,3.3,47.6,63.20%,9.2,0,0,0,0,0,0,0,36,14.6,524,5,0,0.69,3.08,4.44,0.00,19.54,12.62,164.31,13.02,0.69,0.08
Keelan Doss,5.6,23,7,2,12,10,116,11.6,0,31,1.4,16.6,83.30%,9.7,0,0,0,0,0,0,0,10,11.6,116,0,0,0.69,3.08,4.44,0.00,19.54,12.62,164.31,13.02,0.69,0.08
JJ Nelson,0,27,2,1,5,4,36,9,1,29,2,18,80.00%,7.2,0,0,0,0,0,0,0,4,9,36,1,0,0.69,3.08,4.44,0.00,19.54,12.62,164.31,13.02,0.69,0.08
Jalen Richard,6.6,26,13,0,34,28,241,8.6,0,31,2.2,18.5,82.40%,7.1,30,103,0,13,3.4,7.9,2.3,58,5.9,344,0,2,21.38,84.92,3.97,0.69,8.46,6.54,49.46,7.56,0.23,0.15
Marcell Ateman,0,25,8,0,3,2,70,35,0,36,0.3,8.8,66.70%,23.3,0,0,0,0,0,0,0,2,35,70,0,0,0.69,3.08,4.44,0.00,19.54,12.62,164.31,13.02,0.69,0.08
Miles Sanders,10.9,22,13,8,46,36,383,10.6,2,45,2.8,29.5,78.30%,8.3,131,565,1,65,4.3,43.5,10.1,167,5.7,948,3,2,24.69,99.46,4.03,0.69,7.08,5.62,46.23,8.23,0.00,0.08
Boston Scott,24.8,24,8,2,7,7,74,10.6,0,17,0.9,9.3,100.00%,10.6,33,153,2,25,4.6,19.1,4.1,40,5.7,227,2,3,24.69,99.46,4.03,0.69,7.08,5.62,46.23,8.23,0.00,0.08
Zach Ertz,30.1,29,13,13,119,79,827,10.5,5,30,6.1,63.6,66.40%,6.9,0,0,0,0,0,0,0,79,10.5,827,5,1,0.08,0.15,2.00,0.00,6.54,4.31,45.15,10.48,0.46,0.00
Dallas Goedert,7.1,24,12,7,59,40,396,9.9,4,28,3.3,33,67.80%,6.7,0,0,0,0,0,0,0,40,9.9,396,4,2,0.08,0.15,2.00,0.00,6.54,4.31,45.15,10.48,0.46,0.00
JJ Arcega-Whiteside,4.9,23,13,3,18,8,130,16.3,1,30,0.6,10,44.40%,7.2,0,0,0,0,0,0,0,8,16.3,130,1,0,0.23,1.31,5.67,0.00,19.00,12.69,185.62,14.62,1.38,0.15
Greg Ward,7.4,24,4,0,19,11,79,7.2,0,13,2.8,19.8,57.90%,4.2,0,0,0,0,0,0,0,11,7.2,79,0,0,0.23,1.31,5.67,0.00,19.00,12.69,185.62,14.62,1.38,0.15
Jay Ajayi,0.5,26,3,0,1,0,0,0,0,0,0,0,0.00%,0,10,30,0,11,3,10,3.3,10,3,30,0,0,24.69,99.46,4.03,0.69,7.08,5.62,46.23,8.23,0.00,0.08
Jaylen Samuels,5.4,23,11,4,48,41,252,6.1,1,18,3.7,22.9,85.40%,5.3,61,169,1,13,2.8,15.4,5.5,102,4.1,421,2,1,23.92,98.85,4.13,0.54,6.62,5.54,48.62,8.78,0.31,0.15
Benny Snell,2.1,21,10,1,4,3,23,7.7,0,14,0.3,2.3,75.00%,5.8,81,320,1,23,4,32,8.1,84,4.1,343,1,1,23.92,98.85,4.13,0.54,6.62,5.54,48.62,8.78,0.31,0.15
Vance McDonald,1.3,29,12,12,47,33,245,7.4,3,22,2.8,20.4,70.20%,5.2,1,2,0,2,2,0.2,0.1,34,7.3,247,3,1,0.00,0.00,0.00,0.00,8.08,6.15,75.46,12.26,1.00,0.00
James Washington,7.3,23,12,7,58,34,611,18,3,79,2.8,50.9,58.60%,10.5,0,0,0,0,0,0,0,34,18,611,3,1,0.31,1.77,5.75,0.00,20.54,14.62,182.85,12.51,1.08,0.00
Diontae Johnson,25.6,23,13,10,69,42,483,11.5,4,45,3.2,37.2,60.90%,7,4,41,0,17,10.3,3.2,0.3,46,11.4,524,4,3,0.31,1.77,5.75,0.00,20.54,14.62,182.85,12.51,1.08,0.00
Johnny Holton,0,28,13,2,13,1,22,22,0,18,0.1,1.7,7.70%,1.7,1,9,0,9,9,0.7,0.1,2,15.5,31,0,0,0.31,1.77,5.75,0.00,20.54,14.62,182.85,12.51,1.08,0.00
Trey Edmunds,1.7,25,8,0,7,6,48,8,0,11,0.8,6,85.70%,6.9,22,92,0,45,4.2,11.5,2.8,28,5,140,0,0,23.92,98.85,4.13,0.54,6.62,5.54,48.62,8.78,0.31,0.15
Kerrith Whyte,6,23,3,0,1,1,9,9,0,9,0.3,3,100.00%,9,14,94,0,21,6.7,31.3,4.7,15,6.9,103,0,0,23.92,98.85,4.13,0.54,6.62,5.54,48.62,8.78,0.31,0.15
Tevin Jones,0,27,4,0,8,4,61,15.3,0,28,1,15.3,50.00%,7.6,0,0,0,0,0,0,0,4,15.3,61,0,0,0.31,1.77,5.75,0.00,20.54,14.62,182.85,12.51,1.08,0.00
Tony Brooks-James,0,25,3,0,0,0,0,0,0,0,0,0,0.00%,0,8,7,0,8,0.9,2.3,2.7,8,0.9,7,0,0,23.92,98.85,4.13,0.54,6.62,5.54,48.62,8.78,0.31,0.15
Chris Carson,12.1,25,13,13,44,35,242,6.9,2,21,2.7,18.6,79.50%,5.5,246,1057,5,59,4.3,81.3,18.9,281,4.6,1299,7,7,23.69,89.08,3.76,0.54,6.54,4.54,34.23,7.54,0.31,0.00
Jacob Hollister,7.4,26,8,2,42,29,237,8.2,3,22,3.6,29.6,69.00%,5.6,0,0,0,0,0,0,0,29,8.2,237,3,0,0.15,0.69,4.50,0.00,6.23,4.08,47.23,11.58,0.23,0.00
Tyler Lockett,8.3,27,13,13,87,67,874,13,6,44,5.2,67.2,77.00%,10,4,-5,0,3,-1.3,-0.4,0.3,71,12.2,869,6,0,0.23,-0.31,-1.33,0.00,21.23,13.46,159.38,11.84,0.85,0.31
D.K. Metcalf,13.8,22,13,12,83,50,783,15.7,5,54,3.8,60.2,60.20%,9.4,2,11,0,7,5.5,0.8,0.2,52,15.3,794,5,3,0.23,-0.31,-1.33,0.00,21.23,13.46,159.38,11.84,0.85,0.31
David Moore,2.5,24,11,1,30,14,250,17.9,2,60,1.3,22.7,46.70%,8.3,2,6,0,4,3,0.5,0.2,16,16,256,2,1,0.23,-0.31,-1.33,0.00,21.23,13.46,159.38,11.84,0.85,0.31
Jaron Brown,0,29,11,4,25,15,211,14.1,2,48,1.4,19.2,60.00%,8.4,0,0,0,0,0,0,0,15,14.1,211,2,1,0.23,-0.31,-1.33,0.00,21.23,13.46,159.38,11.84,0.85,0.31
Malik Turner,2,23,13,2,16,11,196,17.8,1,33,0.8,15.1,68.80%,12.3,0,0,0,0,0,0,0,11,17.8,196,1,0,0.23,-0.31,-1.33,0.00,21.23,13.46,159.38,11.84,0.85,0.31
Rashaad Penny,2.6,23,10,0,11,8,83,10.4,1,30,0.8,8.3,72.70%,7.5,65,370,3,58,5.7,37,6.5,73,6.2,453,4,1,23.69,89.08,3.76,0.54,6.54,4.54,34.23,7.54,0.31,0.00
C.J. Prosise,0.2,25,7,0,11,9,66,7.3,0,21,1.3,9.4,81.80%,6,14,43,1,17,3.1,6.1,2,23,4.7,109,1,1,23.69,89.08,3.76,0.54,6.54,4.54,34.23,7.54,0.31,0.00
Travis Homer,0,21,13,0,0,0,0,0,0,0,0,0,0.00%,0,1,29,0,29,29,2.2,0.1,1,29,29,0,0,23.69,89.08,3.76,0.54,6.54,4.54,34.23,7.54,0.31,0.00
Matt Breida,6.8,24,10,5,19,17,114,6.7,1,17,1.7,11.4,89.50%,6,115,596,1,83,5.2,59.6,11.5,132,5.4,710,2,0,17.85,67.46,3.78,0.38,7.62,6.31,37.62,5.96,0.31,0.23
Tevin Coleman,0.6,26,11,8,27,20,173,8.7,1,37,1.8,15.7,74.10%,6.4,123,460,6,48,3.7,41.8,11.2,143,4.4,633,7,0,17.85,67.46,3.78,0.38,7.62,6.31,37.62,5.96,0.31,0.23
George Kittle,18.7,26,11,11,75,60,754,12.6,4,61,5.5,68.5,80.00%,10.1,4,15,0,18,3.8,1.4,0.4,64,12,769,4,0,0.08,0.00,0.00,0.00,6.46,4.77,49.92,10.47,0.31,0.08
Ross Dwelley,0,24,13,6,21,14,66,4.7,2,11,1.1,5.1,66.70%,3.1,0,0,0,0,0,0,0,14,4.7,66,2,0,0.08,0.00,0.00,0.00,6.46,4.77,49.92,10.47,0.31,0.08
Deebo Samuel,15.9,23,12,8,67,47,640,13.6,3,42,3.9,53.3,70.10%,9.6,8,90,1,31,11.3,7.5,0.7,55,13.3,730,4,1,1.38,12.15,8.78,0.00,21.62,12.77,179.00,14.02,1.23,0.08
Richie James,-0.1,24,13,1,10,6,165,27.5,1,57,0.5,12.7,60.00%,16.5,2,-1,0,0,-0.5,-0.1,0.2,8,20.5,164,1,1,1.38,12.15,8.78,0.00,21.62,12.77,179.00,14.02,1.23,0.08
Raheem Mostert,24.9,27,13,0,17,12,159,13.3,2,39,0.9,12.2,70.60%,9.4,102,608,4,41,6,46.8,7.8,114,6.7,767,6,1,17.85,67.46,3.78,0.38,7.62,6.31,37.62,5.96,0.31,0.23
Kendrick Bourne,16.8,24,13,0,39,27,318,11.8,5,30,2.1,24.5,69.20%,8.2,0,0,0,0,0,0,0,27,11.8,318,5,0,1.38,12.15,8.78,0.00,21.62,12.77,179.00,14.02,1.23,0.08
Ronald Jones,9.9,22,13,6,31,25,241,9.6,0,41,1.9,18.5,80.60%,7.8,136,518,5,25,3.8,39.8,10.5,161,4.7,759,5,1,19.92,82.54,4.14,0.31,7.23,6.08,39.85,6.56,0.15,0.31
Peyton Barber,7.3,25,13,7,18,12,67,5.6,1,16,0.9,5.2,66.70%,3.7,133,430,6,17,3.2,33.1,10.2,145,3.4,497,7,0,19.92,82.54,4.14,0.31,7.23,6.08,39.85,6.56,0.15,0.31
O.J. Howard,11.3,25,11,11,39,27,367,13.6,1,33,2.5,33.4,69.20%,9.4,0,0,0,0,0,0,0,27,13.6,367,1,1,0.00,0.00,0.00,0.00,7.46,5.38,51.54,9.57,0.38,0.08
Cameron Brate,13,28,13,6,40,30,259,8.6,3,37,2.3,19.9,75.00%,6.5,0,0,0,0,0,0,0,30,8.6,259,3,0,0.00,0.00,0.00,0.00,7.46,5.38,51.54,9.57,0.38,0.08
Tanner Hudson,0,25,7,1,3,1,12,12,0,12,0.1,1.7,33.30%,4,0,0,0,0,0,0,0,1,12,12,0,0,0.00,0.00,0.00,0.00,7.46,5.38,51.54,9.57,0.38,0.08
Chris Godwin,16.1,23,13,13,113,81,1212,15,9,71,6.2,93.2,71.70%,10.7,1,8,0,8,8,0.6,0.1,82,14.9,1220,9,0,0.62,6.31,10.25,0.15,18.08,12.31,169.54,13.78,1.08,0.00
Mike Evans,13.1,26,13,13,118,67,1157,17.3,8,67,5.2,89,56.80%,9.8,0,0,0,0,0,0,0,67,17.3,1157,8,0,0.62,6.31,10.25,0.15,18.08,12.31,169.54,13.78,1.08,0.00
Breshad Perriman,16,26,11,1,43,19,296,15.6,2,44,1.7,26.9,44.20%,6.9,1,13,0,13,13,1.2,0.1,20,15.5,309,2,0,0.62,6.31,10.25,0.15,18.08,12.31,169.54,13.78,1.08,0.00
Bobo Wilson,0,24,6,1,11,3,35,11.7,0,14,0.5,5.8,27.30%,3.2,0,0,0,0,0,0,0,3,11.7,35,0,3,0.62,6.31,10.25,0.15,18.08,12.31,169.54,13.78,1.08,0.00
Dare Ogunbowale,7.8,25,13,0,40,31,239,7.7,0,21,2.4,18.4,77.50%,6,9,10,2,12,1.1,0.8,0.7,40,6.2,249,2,1,19.92,82.54,4.14,0.31,7.23,6.08,39.85,6.56,0.15,0.31
Justin Watson,16.9,24,13,0,10,6,72,12,1,17,0.5,5.5,60.00%,7.2,0,0,0,0,0,0,0,6,12,72,1,0,0.62,6.31,10.25,0.15,18.08,12.31,169.54,13.78,1.08,0.00
Derrick Henry,23.9,25,13,13,23,18,206,11.4,2,75,1.4,15.8,78.30%,9,250,1243,13,74,5,95.6,19.2,268,5.4,1449,15,5,21.85,88.77,4.06,0.69,7.00,5.46,50.08,9.17,0.46,0.00
Jonnu Smith,11.9,24,13,12,35,27,316,11.7,2,57,2.1,24.3,77.10%,9,2,14,0,10,7,1.1,0.2,29,11.4,330,2,0,0.08,-0.38,-5.00,0.00,7.54,4.69,60.31,12.85,0.69,0.00
MyCole Pruitt,5.2,27,13,8,4,2,62,31,0,42,0.2,4.8,50.00%,15.5,0,0,0,0,0,0,0,2,31,62,0,0,0.08,-0.38,-5.00,0.00,7.54,4.69,60.31,12.85,0.69,0.00
A.J. Brown,33.6,22,13,8,61,39,779,20,6,91,3,59.9,63.90%,12.8,2,11,0,13,5.5,0.8,0.2,41,19.3,790,6,1,0.62,4.54,7.37,0.08,17.69,11.08,174.08,15.72,1.15,0.08
Corey Davis,5.4,24,12,9,54,33,460,13.9,2,38,2.8,38.3,61.10%,8.5,0,0,0,0,0,0,0,33,13.9,460,2,1,0.62,4.54,7.37,0.08,17.69,11.08,174.08,15.72,1.15,0.08
Tajae Sharpe,6.5,25,12,6,25,17,219,12.9,2,47,1.4,18.3,68.00%,8.8,0,0,0,0,0,0,0,17,12.9,219,2,0,0.62,4.54,7.37,0.08,17.69,11.08,174.08,15.72,1.15,0.08
Kalif Raymond,2.1,25,6,1,8,6,136,22.7,1,52,1,22.7,75.00%,17,1,-5,0,-5,-5,-0.8,0.2,7,18.7,131,1,0,0.62,4.54,7.37,0.08,17.69,11.08,174.08,15.72,1.15,0.08
Dion Lewis,4.1,29,13,0,29,23,134,5.8,0,24,1.8,10.3,79.30%,4.6,35,124,0,15,3.5,9.5,2.7,58,4.4,258,0,1,21.85,88.77,4.06,0.69,7.00,5.46,50.08,9.17,0.46,0.00
Anthony Firkser,4.9,24,12,0,17,12,192,16,1,39,1,16,70.60%,11.3,0,0,0,0,0,0,0,12,16,192,1,0,0.08,-0.38,-5.00,0.00,7.54,4.69,60.31,12.85,0.69,0.00
Darius Jennings,0,27,7,0,5,2,17,8.5,0,11,0.3,2.4,40.00%,3.4,0,0,0,0,0,0,0,2,8.5,17,0,0,0.62,4.54,7.37,0.08,17.69,11.08,174.08,15.72,1.15,0.08
Cody Hollister,0,26,3,0,2,2,13,6.5,0,11,0.7,4.3,100.00%,6.5,0,0,0,0,0,0,0,2,6.5,13,0,0,0.62,4.54,7.37,0.08,17.69,11.08,174.08,15.72,1.15,0.08
Dalyn Dawkins,0,25,1,0,0,0,0,0,0,0,0,0,0.00%,0,2,2,0,1,1,2,2,2,1,2,0,0,21.85,88.77,4.06,0.69,7.00,5.46,50.08,9.17,0.46,0.00
Adrian Peterson,13.6,34,12,12,14,11,98,8.9,0,22,0.9,8.2,78.60%,7,167,718,3,29,4.3,59.8,13.9,178,4.6,816,3,2,23.08,112.77,4.89,1.08,7.54,5.54,40.62,7.33,0.08,0.08
Derrius Guice,4.2,22,5,1,9,7,79,11.3,1,45,1.4,15.8,77.80%,8.8,42,245,2,60,5.8,49,8.4,49,6.6,324,3,0,23.08,112.77,4.89,1.08,7.54,5.54,40.62,7.33,0.08,0.08
Jeremy Sprinkle,0,25,13,10,29,19,196,10.3,1,23,1.5,15.1,65.50%,6.8,0,0,0,0,0,0,0,19,10.3,196,1,1,0.00,0.00,0.00,0.00,7.31,5.31,63.54,11.97,0.46,0.08
Hale Hentges,0,23,8,3,5,2,13,6.5,0,13,0.3,1.6,40.00%,2.6,0,0,0,0,0,0,0,2,6.5,13,0,0,0.00,0.00,0.00,0.00,7.31,5.31,63.54,11.97,0.46,0.08
Terry McLaurin,15.7,23,12,12,79,46,703,15.3,6,69,3.8,58.6,58.20%,8.9,0,0,0,0,0,0,0,46,15.3,703,6,0,0.38,1.46,3.80,0.00,16.77,9.77,158.85,16.26,0.69,0.08
Kelvin Harmon,4,23,13,6,30,20,252,12.6,0,30,1.5,19.4,66.70%,8.4,0,0,0,0,0,0,0,20,12.6,252,0,0,0.38,1.46,3.80,0.00,16.77,9.77,158.85,16.26,0.69,0.08
Robert Davis,0,24,3,1,2,1,11,11,0,11,0.3,3.7,50.00%,5.5,0,0,0,0,0,0,0,1,11,11,0,0,0.38,1.46,3.80,0.00,16.77,9.77,158.85,16.26,0.69,0.08
Chris Thompson,11.3,29,8,0,48,35,334,9.5,0,39,4.4,41.8,72.90%,7,26,93,0,12,3.6,11.6,3.3,61,7,427,0,1,23.08,112.77,4.89,1.08,7.54,5.54,40.62,7.33,0.08,0.08
Steven Sims,8,22,13,0,27,18,120,6.7,0,14,1.4,9.2,66.70%,4.4,6,82,1,65,13.7,6.3,0.5,24,8.4,202,1,1,0.38,1.46,3.80,0.00,16.77,9.77,158.85,16.26,0.69,0.08
Wendell Smallwood,0.4,25,12,0,13,9,64,7.1,0,18,0.8,5.3,69.20%,4.9,19,76,0,17,4,6.3,1.6,28,5,140,0,0,23.08,112.77,4.89,1.08,7.54,5.54,40.62,7.33,0.08,0.08
